event_id,circuit_id,layout_id,circuit_length_km,corner_count,source_url
2021-01,bahrain,bahrain-1,5.412,15,https://raw.githubusercontent.com/f1db/f1db/5487e45d4df4097080332f29a0513f275c1023cd/src/data/seasons/2021/races/01-bahrain/race.yml
2021-02,imola,imola-3,4.909,19,https://raw.githubusercontent.com/f1db/f1db/5487e45d4df4097080332f29a0513f275c1023cd/src/data/seasons/2021/races/02-emilia-romagna/race.yml
2021-03,portimao,portimao-1,4.653,15,https://raw.githubusercontent.com/f1db/f1db/5487e45d4df4097080332f29a0513f275c1023cd/src/data/seasons/2021/races/03-portugal/race.yml
2021-04,catalunya,catalunya-5,4.675,16,https://raw.githubusercontent.com/f1db/f1db/5487e45d4df4097080332f29a0513f275c1023cd/src/data/seasons/2021/races/04-spain/race.yml
2021-05,monaco,monaco-6,3.337,19,https://raw.githubusercontent.com/f1db/f1db/5487e45d4df4097080332f29a0513f275c1023cd/src/data/seasons/2021/races/05-monaco/race.yml
2021-06,baku,baku-1,6.003,20,https://raw.githubusercontent.com/f1db/f1db/5487e45d4df4097080332f29a0513f275c1023cd/src/data/seasons/2021/races/06-azerbaijan/race.yml
2021-07,paul-ricard,paul-ricard-3,5.842,15,https://raw.githubusercontent.com/f1db/f1db/5487e45d4df4097080332f29a0513f275c1023cd/src/data/seasons/2021/races/07-france/race.yml
2021-08,spielberg,spielberg-3,4.318,10,https://raw.githubusercontent.com/f1db/f1db/5487e45d4df4097080332f29a0513f275c1023cd/src/data/seasons/2021/races/08-styria/race.yml
2021-09,spielberg,spielberg-3,4.318,10,https://raw.githubusercontent.com/f1db/f1db/5487e45d4df4097080332f29a0513f275c1023cd/src/data/seasons/2021/races/09-austria/race.yml
2021-10,silverstone,silverstone-8,5.891,18,https://raw.githubusercontent.com/f1db/f1db/5487e45d4df4097080332f29a0513f275c1023cd/src/data/seasons/2021/races/10-great-britain/race.yml
2021-11,hungaroring,hungaroring-3,4.381,14,https://raw.githubusercontent.com/f1db/f1db/5487e45d4df4097080332f29a0513f275c1023cd/src/data/seasons/2021/races/11-hungary/race.yml
2021-12,spa-francorchamps,spa-francorchamps-4,7.004,19,https://raw.githubusercontent.com/f1db/f1db/5487e45d4df4097080332f29a0513f275c1023cd/src/data/seasons/2021/races/12-belgium/race.yml
2021-13,zandvoort,zandvoort-5,4.259,14,https://raw.githubusercontent.com/f1db/f1db/5487e45d4df4097080332f29a0513f275c1023cd/src/data/seasons/2021/races/13-netherlands/race.yml
2021-14,monza,monza-7,5.793,11,https://raw.githubusercontent.com/f1db/f1db/5487e45d4df4097080332f29a0513f275c1023cd/src/data/seasons/2021/races/14-italy/race.yml
2021-15,sochi,sochi-1,5.848,18,https://raw.githubusercontent.com/f1db/f1db/5487e45d4df4097080332f29a0513f275c1023cd/src/data/seasons/2021/races/15-russia/race.yml
2021-16,istanbul,istanbul-1,5.338,14,https://raw.githubusercontent.com/f1db/f1db/5487e45d4df4097080332f29a0513f275c1023cd/src/data/seasons/2021/races/16-turkey/race.yml
2021-17,austin,austin-1,5.513,20,https://raw.githubusercontent.com/f1db/f1db/5487e45d4df4097080332f29a0513f275c1023cd/src/data/seasons/2021/races/17-united-states/race.yml
2021-18,mexico-city,mexico-city-3,4.304,17,https://raw.githubusercontent.com/f1db/f1db/5487e45d4df4097080332f29a0513f275c1023cd/src/data/seasons/2021/races/18-mexico/race.yml
2021-19,interlagos,interlagos-2,4.309,15,https://raw.githubusercontent.com/f1db/f1db/5487e45d4df4097080332f29a0513f275c1023cd/src/data/seasons/2021/races/19-sao-paulo/race.yml
2021-20,lusail,lusail-1,5.380,16,https://raw.githubusercontent.com/f1db/f1db/5487e45d4df4097080332f29a0513f275c1023cd/src/data/seasons/2021/races/20-qatar/race.yml
2021-21,jeddah,jeddah-1,6.174,27,https://raw.githubusercontent.com/f1db/f1db/5487e45d4df4097080332f29a0513f275c1023cd/src/data/seasons/2021/races/21-saudi-arabia/race.yml
2021-22,yas-marina,yas-marina-2,5.281,16,https://raw.githubusercontent.com/f1db/f1db/5487e45d4df4097080332f29a0513f275c1023cd/src/data/seasons/2021/races/22-abu-dhabi/race.yml
2022-01,bahrain,bahrain-1,5.412,15,https://raw.githubusercontent.com/f1db/f1db/5487e45d4df4097080332f29a0513f275c1023cd/src/data/seasons/2022/races/01-bahrain/race.yml
2022-02,jeddah,jeddah-1,6.174,27,https://raw.githubusercontent.com/f1db/f1db/5487e45d4df4097080332f29a0513f275c1023cd/src/data/seasons/2022/races/02-saudi-arabia/race.yml
2022-03,melbourne,melbourne-2,5.278,14,https://raw.githubusercontent.com/f1db/f1db/5487e45d4df4097080332f29a0513f275c1023cd/src/data/seasons/2022/races/03-australia/race.yml
2022-04,imola,imola-3,4.909,19,https://raw.githubusercontent.com/f1db/f1db/5487e45d4df4097080332f29a0513f275c1023cd/src/data/seasons/2022/races/04-emilia-romagna/race.yml
2022-05,miami,miami-1,5.412,19,https://raw.githubusercontent.com/f1db/f1db/5487e45d4df4097080332f29a0513f275c1023cd/src/data/seasons/2022/races/05-miami/race.yml
2022-06,catalunya,catalunya-5,4.675,16,https://raw.githubusercontent.com/f1db/f1db/5487e45d4df4097080332f29a0513f275c1023cd/src/data/seasons/2022/races/06-spain/race.yml
2022-07,monaco,monaco-6,3.337,19,https://raw.githubusercontent.com/f1db/f1db/5487e45d4df4097080332f29a0513f275c1023cd/src/data/seasons/2022/races/07-monaco/race.yml
2022-08,baku,baku-1,6.003,20,https://raw.githubusercontent.com/f1db/f1db/5487e45d4df4097080332f29a0513f275c1023cd/src/data/seasons/2022/races/08-azerbaijan/race.yml
2022-09,montreal,montreal-6,4.361,14,https://raw.githubusercontent.com/f1db/f1db/5487e45d4df4097080332f29a0513f275c1023cd/src/data/seasons/2022/races/09-canada/race.yml
2022-10,silverstone,silverstone-8,5.891,18,https://raw.githubusercontent.com/f1db/f1db/5487e45d4df4097080332f29a0513f275c1023cd/src/data/seasons/2022/races/10-great-britain/race.yml
2022-11,spielberg,spielberg-3,4.318,10,https://raw.githubusercontent.com/f1db/f1db/5487e45d4df4097080332f29a0513f275c1023cd/src/data/seasons/2022/races/11-austria/race.yml
2022-12,paul-ricard,paul-ricard-3,5.842,15,https://raw.githubusercontent.com/f1db/f1db/5487e45d4df4097080332f29a0513f275c1023cd/src/data/seasons/2022/races/12-france/race.yml
2022-13,hungaroring,hungaroring-3,4.381,14,https://raw.githubusercontent.com/f1db/f1db/5487e45d4df4097080332f29a0513f275c1023cd/src/data/seasons/2022/races/13-hungary/race.yml
2022-14,spa-francorchamps,spa-francorchamps-4,7.004,19,https://raw.githubusercontent.com/f1db/f1db/5487e45d4df4097080332f29a0513f275c1023cd/src/data/seasons/2022/races/14-belgium/race.yml
2022-15,zandvoort,zandvoort-5,4.259,14,https://raw.githubusercontent.com/f1db/f1db/5487e45d4df4097080332f29a0513f275c1023cd/src/data/seasons/2022/races/15-netherlands/race.yml
2022-16,monza,monza-7,5.793,11,https://raw.githubusercontent.com/f1db/f1db/5487e45d4df4097080332f29a0513f275c1023cd/src/data/seasons/2022/races/16-italy/race.yml
2022-17,marina-bay,marina-bay-3,5.063,23,https://raw.githubusercontent.com/f1db/f1db/5487e45d4df4097080332f29a0513f275c1023cd/src/data/seasons/2022/races/17-singapore/race.yml
2022-18,suzuka,suzuka-2,5.807,18,https://raw.githubusercontent.com/f1db/f1db/5487e45d4df4097080332f29a0513f275c1023cd/src/data/seasons/2022/races/18-japan/race.yml
2022-19,austin,austin-1,5.513,20,https://raw.githubusercontent.com/f1db/f1db/5487e45d4df4097080332f29a0513f275c1023cd/src/data/seasons/2022/races/19-united-states/race.yml
2022-20,mexico-city,mexico-city-3,4.304,17,https://raw.githubusercontent.com/f1db/f1db/5487e45d4df4097080332f29a0513f275c1023cd/src/data/seasons/2022/races/20-mexico/race.yml
2022-21,interlagos,interlagos-2,4.309,15,https://raw.githubusercontent.com/f1db/f1db/5487e45d4df4097080332f29a0513f275c1023cd/src/data/seasons/2022/races/21-sao-paulo/race.yml
2022-22,yas-marina,yas-marina-2,5.281,16,https://raw.githubusercontent.com/f1db/f1db/5487e45d4df4097080332f29a0513f275c1023cd/src/data/seasons/2022/races/22-abu-dhabi/race.yml
2023-01,bahrain,bahrain-1,5.412,15,https://raw.githubusercontent.com/f1db/f1db/5487e45d4df4097080332f29a0513f275c1023cd/src/data/seasons/2023/races/01-bahrain/race.yml
2023-02,jeddah,jeddah-1,6.174,27,https://raw.githubusercontent.com/f1db/f1db/5487e45d4df4097080332f29a0513f275c1023cd/src/data/seasons/2023/races/02-saudi-arabia/race.yml
2023-03,melbourne,melbourne-2,5.278,14,https://raw.githubusercontent.com/f1db/f1db/5487e45d4df4097080332f29a0513f275c1023cd/src/data/seasons/2023/races/03-australia/race.yml
2023-04,baku,baku-1,6.003,20,https://raw.githubusercontent.com/f1db/f1db/5487e45d4df4097080332f29a0513f275c1023cd/src/data/seasons/2023/races/04-azerbaijan/race.yml
2023-05,miami,miami-1,5.412,19,https://raw.githubusercontent.com/f1db/f1db/5487e45d4df4097080332f29a0513f275c1023cd/src/data/seasons/2023/races/05-miami/race.yml
2023-06,monaco,monaco-6,3.337,19,https://raw.githubusercontent.com/f1db/f1db/5487e45d4df4097080332f29a0513f275c1023cd/src/data/seasons/2023/races/06-monaco/race.yml
2023-07,catalunya,catalunya-6,4.657,14,https://raw.githubusercontent.com/f1db/f1db/5487e45d4df4097080332f29a0513f275c1023cd/src/data/seasons/2023/races/07-spain/race.yml
2023-08,montreal,montreal-6,4.361,14,https://raw.githubusercontent.com/f1db/f1db/5487e45d4df4097080332f29a0513f275c1023cd/src/data/seasons/2023/races/08-canada/race.yml
2023-09,spielberg,spielberg-3,4.318,10,https://raw.githubusercontent.com/f1db/f1db/5487e45d4df4097080332f29a0513f275c1023cd/src/data/seasons/2023/races/09-austria/race.yml
2023-10,silverstone,silverstone-8,5.891,18,https://raw.githubusercontent.com/f1db/f1db/5487e45d4df4097080332f29a0513f275c1023cd/src/data/seasons/2023/races/10-great-britain/race.yml
2023-11,hungaroring,hungaroring-3,4.381,14,https://raw.githubusercontent.com/f1db/f1db/5487e45d4df4097080332f29a0513f275c1023cd/src/data/seasons/2023/races/11-hungary/race.yml
2023-12,spa-francorchamps,spa-francorchamps-4,7.004,19,https://raw.githubusercontent.com/f1db/f1db/5487e45d4df4097080332f29a0513f275c1023cd/src/data/seasons/2023/races/12-belgium/race.yml
2023-13,zandvoort,zandvoort-5,4.259,14,https://raw.githubusercontent.com/f1db/f1db/5487e45d4df4097080332f29a0513f275c1023cd/src/data/seasons/2023/races/13-netherlands/race.yml
2023-14,monza,monza-7,5.793,11,https://raw.githubusercontent.com/f1db/f1db/5487e45d4df4097080332f29a0513f275c1023cd/src/data/seasons/2023/races/14-italy/race.yml
2023-15,marina-bay,marina-bay-4,4.940,19,https://raw.githubusercontent.com/f1db/f1db/5487e45d4df4097080332f29a0513f275c1023cd/src/data/seasons/2023/races/15-singapore/race.yml
2023-16,suzuka,suzuka-2,5.807,18,https://raw.githubusercontent.com/f1db/f1db/5487e45d4df4097080332f29a0513f275c1023cd/src/data/seasons/2023/races/16-japan/race.yml
2023-17,lusail,lusail-1,5.419,16,https://raw.githubusercontent.com/f1db/f1db/5487e45d4df4097080332f29a0513f275c1023cd/src/data/seasons/2023/races/17-qatar/race.yml
2023-18,austin,austin-1,5.513,20,https://raw.githubusercontent.com/f1db/f1db/5487e45d4df4097080332f29a0513f275c1023cd/src/data/seasons/2023/races/18-united-states/race.yml
2023-19,mexico-city,mexico-city-3,4.304,17,https://raw.githubusercontent.com/f1db/f1db/5487e45d4df4097080332f29a0513f275c1023cd/src/data/seasons/2023/races/19-mexico/race.yml
2023-20,interlagos,interlagos-2,4.309,15,https://raw.githubusercontent.com/f1db/f1db/5487e45d4df4097080332f29a0513f275c1023cd/src/data/seasons/2023/races/20-sao-paulo/race.yml
2023-21,las-vegas,las-vegas-1,6.201,17,https://raw.githubusercontent.com/f1db/f1db/5487e45d4df4097080332f29a0513f275c1023cd/src/data/seasons/2023/races/21-las-vegas/race.yml
2023-22,yas-marina,yas-marina-2,5.281,16,https://raw.githubusercontent.com/f1db/f1db/5487e45d4df4097080332f29a0513f275c1023cd/src/data/seasons/2023/races/22-abu-dhabi/race.yml
