event_id,Year,EventName,OfficialEventName,EventDate,fastf1_date,race_utc_date,f1db_round,f1db_date,f1db_name,grand_prix_id,grand_prix_name,grand_prix_source_url,grand_prix_source_file,grand_prix_source_sha256,circuit_id,layout_id,circuit_length_km,corner_count,source_url,source_file,source_sha256,name_match,match_method
2021-01,2021,Bahrain Grand Prix,FORMULA 1 GULF AIR BAHRAIN GRAND PRIX 2021,2021-03-28,2021-03-28,2021-03-28,1,2021-03-28,Formula 1 Gulf Air Bahrain Grand Prix 2021,bahrain,Bahrain Grand Prix,https://raw.githubusercontent.com/f1db/f1db/5487e45d4df4097080332f29a0513f275c1023cd/src/data/grands-prix/bahrain.yml,grands-prix/bahrain.yml,fe4b6a5bc9e681d2ad3df3dcf3343fbc7f7b4b0d95a2f8eece150ad81c074da3,bahrain,bahrain-1,5.412,15,https://raw.githubusercontent.com/f1db/f1db/5487e45d4df4097080332f29a0513f275c1023cd/src/data/seasons/2021/races/01-bahrain/race.yml,2021/01-bahrain/race.yml,ea71125360587aa00d842d3231c789d43d84c654159796479403ed449c7854e1,Grand Prix name,Grand Prix name + local_date
2021-02,2021,Emilia Romagna Grand Prix,FORMULA 1 PIRELLI GRAN PREMIO DEL MADE IN ITALY E DELL'EMILIA ROMAGNA 2021,2021-04-18,2021-04-18,2021-04-18,2,2021-04-18,Formula 1 Pirelli Gran Premio del Made in Italy e dell'Emilia Romagna 2021,emilia-romagna,Emilia Romagna Grand Prix,https://raw.githubusercontent.com/f1db/f1db/5487e45d4df4097080332f29a0513f275c1023cd/src/data/grands-prix/emilia-romagna.yml,grands-prix/emilia-romagna.yml,23f2bd322f90519d090893f5930df220f777606f3e3265f12aace4f4315ef54c,imola,imola-3,4.909,19,https://raw.githubusercontent.com/f1db/f1db/5487e45d4df4097080332f29a0513f275c1023cd/src/data/seasons/2021/races/02-emilia-romagna/race.yml,2021/02-emilia-romagna/race.yml,06d21858e721dfe44d828afd1254e21c86740320990cf8750e63ecde670ee8fb,Grand Prix name,Grand Prix name + local_date
2021-03,2021,Portuguese Grand Prix,FORMULA 1 HEINEKEN GRANDE PRÉMIO DE PORTUGAL 2021,2021-05-02,2021-05-02,2021-05-02,3,2021-05-02,Formula 1 Heineken Grande Prémio de Portugal 2021,portugal,Portuguese Grand Prix,https://raw.githubusercontent.com/f1db/f1db/5487e45d4df4097080332f29a0513f275c1023cd/src/data/grands-prix/portugal.yml,grands-prix/portugal.yml,b17e4a5efc0163762b8b039af519f83312707fcdfc428ba7eb10044be9072fa6,portimao,portimao-1,4.653,15,https://raw.githubusercontent.com/f1db/f1db/5487e45d4df4097080332f29a0513f275c1023cd/src/data/seasons/2021/races/03-portugal/race.yml,2021/03-portugal/race.yml,a9058cfe4b60be3abf6be55340e69fd9b40234fa57d010935eefbd955264c779,Grand Prix name,Grand Prix name + local_date
2021-04,2021,Spanish Grand Prix,FORMULA 1 ARAMCO GRAN PREMIO DE ESPAÑA 2021,2021-05-09,2021-05-09,2021-05-09,4,2021-05-09,Formula 1 Aramco Gran Premio de España 2021,spain,Spanish Grand Prix,https://raw.githubusercontent.com/f1db/f1db/5487e45d4df4097080332f29a0513f275c1023cd/src/data/grands-prix/spain.yml,grands-prix/spain.yml,af2345206f3a1143e0d2f19a6ed11561c6e41d0622b4a6c7660fea01ef49a763,catalunya,catalunya-5,4.675,16,https://raw.githubusercontent.com/f1db/f1db/5487e45d4df4097080332f29a0513f275c1023cd/src/data/seasons/2021/races/04-spain/race.yml,2021/04-spain/race.yml,b1206c53ee2a94d13f676872e51f32d889f928680328f8645514bab63e475c05,Grand Prix name,Grand Prix name + local_date
2021-05,2021,Monaco Grand Prix,FORMULA 1 GRAND PRIX DE MONACO 2021,2021-05-23,2021-05-23,2021-05-23,5,2021-05-23,Formula 1 Grand Prix de Monaco 2021,monaco,Monaco Grand Prix,https://raw.githubusercontent.com/f1db/f1db/5487e45d4df4097080332f29a0513f275c1023cd/src/data/grands-prix/monaco.yml,grands-prix/monaco.yml,702e457319c055e8a21e172627a767d05f9a399fa48dd649e6a1ea5e03a04df9,monaco,monaco-6,3.337,19,https://raw.githubusercontent.com/f1db/f1db/5487e45d4df4097080332f29a0513f275c1023cd/src/data/seasons/2021/races/05-monaco/race.yml,2021/05-monaco/race.yml,c566bba9127d5a7983f570f8b76430c81fb466b6672768f13d487e353fc51011,Grand Prix name,Grand Prix name + local_date
2021-06,2021,Azerbaijan Grand Prix,FORMULA 1 AZERBAIJAN GRAND PRIX 2021,2021-06-06,2021-06-06,2021-06-06,6,2021-06-06,Formula 1 Azerbaijan Grand Prix 2021,azerbaijan,Azerbaijan Grand Prix,https://raw.githubusercontent.com/f1db/f1db/5487e45d4df4097080332f29a0513f275c1023cd/src/data/grands-prix/azerbaijan.yml,grands-prix/azerbaijan.yml,1873d343e8ae48b1dd2a215517aae532b78cfbc86ad65c64e037136cc8d390cc,baku,baku-1,6.003,20,https://raw.githubusercontent.com/f1db/f1db/5487e45d4df4097080332f29a0513f275c1023cd/src/data/seasons/2021/races/06-azerbaijan/race.yml,2021/06-azerbaijan/race.yml,a23d1932016c3c09a0275b0ad835891af545cd612a0d9f1eaef0938a7acf2bfc,Grand Prix name,Grand Prix name + local_date
2021-07,2021,French Grand Prix,FORMULA 1 EMIRATES GRAND PRIX DE FRANCE 2021,2021-06-20,2021-06-20,2021-06-20,7,2021-06-20,Formula 1 Emirates Grand Prix de France 2021,france,French Grand Prix,https://raw.githubusercontent.com/f1db/f1db/5487e45d4df4097080332f29a0513f275c1023cd/src/data/grands-prix/france.yml,grands-prix/france.yml,51e32bd6f2aaf0e427ee6ecc449146552fda2f8accbe8fb256f87e1ad545cedf,paul-ricard,paul-ricard-3,5.842,15,https://raw.githubusercontent.com/f1db/f1db/5487e45d4df4097080332f29a0513f275c1023cd/src/data/seasons/2021/races/07-france/race.yml,2021/07-france/race.yml,0df7b87e58f81dbeef6b26a4184dd654047298f7021b34782787e1856ac65bda,Grand Prix name,Grand Prix name + local_date
2021-08,2021,Styrian Grand Prix,FORMULA 1 BWT GROSSER PREIS DER STEIERMARK 2021,2021-06-27,2021-06-27,2021-06-27,8,2021-06-27,Formula 1 BWT Grosser Preis der Steiermark 2021,styria,Styrian Grand Prix,https://raw.githubusercontent.com/f1db/f1db/5487e45d4df4097080332f29a0513f275c1023cd/src/data/grands-prix/styria.yml,grands-prix/styria.yml,94b2e547c8d54d8013e742d0c31a186bde8c8f30e6a05a5bf37063acb3f53776,spielberg,spielberg-3,4.318,10,https://raw.githubusercontent.com/f1db/f1db/5487e45d4df4097080332f29a0513f275c1023cd/src/data/seasons/2021/races/08-styria/race.yml,2021/08-styria/race.yml,446e8dc0dfea25772c634a70f37efb664934bcb68b49bff27a901d42d6bbffaa,Grand Prix name,Grand Prix name + local_date
2021-09,2021,Austrian Grand Prix,FORMULA 1 BWT GROSSER PREIS VON ÖSTERREICH 2021,2021-07-04,2021-07-04,2021-07-04,9,2021-07-04,Formula 1 BWT Grosser Preis von Österreich 2021,austria,Austrian Grand Prix,https://raw.githubusercontent.com/f1db/f1db/5487e45d4df4097080332f29a0513f275c1023cd/src/data/grands-prix/austria.yml,grands-prix/austria.yml,5608855827460a6381be370db7828f221bd55d86e84e967f050f593f54e5c812,spielberg,spielberg-3,4.318,10,https://raw.githubusercontent.com/f1db/f1db/5487e45d4df4097080332f29a0513f275c1023cd/src/data/seasons/2021/races/09-austria/race.yml,2021/09-austria/race.yml,51a3b680b8e1ed49982524ef3972fb00b3f7d91c75796b5c6ef5dd3e898888e2,Grand Prix name,Grand Prix name + local_date
2021-10,2021,British Grand Prix,FORMULA 1 PIRELLI BRITISH GRAND PRIX 2021,2021-07-18,2021-07-18,2021-07-18,10,2021-07-18,Formula 1 Pirelli British Grand Prix 2021,great-britain,British Grand Prix,https://raw.githubusercontent.com/f1db/f1db/5487e45d4df4097080332f29a0513f275c1023cd/src/data/grands-prix/great-britain.yml,grands-prix/great-britain.yml,9dab8c3a012908d3e73019ed53c27bd93b5f5eb2e2e63cde96fe70490edf8400,silverstone,silverstone-8,5.891,18,https://raw.githubusercontent.com/f1db/f1db/5487e45d4df4097080332f29a0513f275c1023cd/src/data/seasons/2021/races/10-great-britain/race.yml,2021/10-great-britain/race.yml,9615e39b0bd5062ea0e04b18d78801e76a66f108e16d1f9142342df4743cfe1e,Grand Prix name,Grand Prix name + local_date
2021-11,2021,Hungarian Grand Prix,FORMULA 1 ROLEX MAGYAR NAGYDÍJ 2021,2021-08-01,2021-08-01,2021-08-01,11,2021-08-01,Formula 1 Rolex Magyar Nagydíj 2021,hungary,Hungarian Grand Prix,https://raw.githubusercontent.com/f1db/f1db/5487e45d4df4097080332f29a0513f275c1023cd/src/data/grands-prix/hungary.yml,grands-prix/hungary.yml,34d18d4d3223e659152ce67d606209cb0debd0a6d753ba60123195e0f8380100,hungaroring,hungaroring-3,4.381,14,https://raw.githubusercontent.com/f1db/f1db/5487e45d4df4097080332f29a0513f275c1023cd/src/data/seasons/2021/races/11-hungary/race.yml,2021/11-hungary/race.yml,7d101b04da8c78484b44d9e55344a4197a87fadb1476a347a415607b5d0bd781,Grand Prix name,Grand Prix name + local_date
2021-12,2021,Belgian Grand Prix,FORMULA 1 ROLEX BELGIAN GRAND PRIX 2021,2021-08-29,2021-08-29,2021-08-29,12,2021-08-29,Formula 1 Rolex Belgian Grand Prix 2021,belgium,Belgian Grand Prix,https://raw.githubusercontent.com/f1db/f1db/5487e45d4df4097080332f29a0513f275c1023cd/src/data/grands-prix/belgium.yml,grands-prix/belgium.yml,dacfc89c5b56bdae2c5c5f3e7ad23897d81cdbef6bfa89600f4f109e073cf6f8,spa-francorchamps,spa-francorchamps-4,7.004,19,https://raw.githubusercontent.com/f1db/f1db/5487e45d4df4097080332f29a0513f275c1023cd/src/data/seasons/2021/races/12-belgium/race.yml,2021/12-belgium/race.yml,9f19a94844bac798fc3a7e714062a05dedc5e4cd96e77e6a34ab737301b91fe3,Grand Prix name,Grand Prix name + local_date
2021-13,2021,Dutch Grand Prix,FORMULA 1 HEINEKEN DUTCH GRAND PRIX 2021,2021-09-05,2021-09-05,2021-09-05,13,2021-09-05,Formula 1 Heineken Dutch Grand Prix 2021,netherlands,Dutch Grand Prix,https://raw.githubusercontent.com/f1db/f1db/5487e45d4df4097080332f29a0513f275c1023cd/src/data/grands-prix/netherlands.yml,grands-prix/netherlands.yml,4835d57d20a087f660cf93b9bd500f11ab24ac0e6d23f85a94dd85bcc3ee2a81,zandvoort,zandvoort-5,4.259,14,https://raw.githubusercontent.com/f1db/f1db/5487e45d4df4097080332f29a0513f275c1023cd/src/data/seasons/2021/races/13-netherlands/race.yml,2021/13-netherlands/race.yml,e57a076ed685f508d9f8ff3b3299301302e845bdcee22ab08504de85f33491f0,Grand Prix name,Grand Prix name + local_date
2021-14,2021,Italian Grand Prix,FORMULA 1 HEINEKEN GRAN PREMIO D’ITALIA 2021,2021-09-12,2021-09-12,2021-09-12,14,2021-09-12,Formula 1 Heineken Gran Premio d'Italia 2021,italy,Italian Grand Prix,https://raw.githubusercontent.com/f1db/f1db/5487e45d4df4097080332f29a0513f275c1023cd/src/data/grands-prix/italy.yml,grands-prix/italy.yml,77df024f1be7a9fc086170056ae5878248a37a3c645ecda3f0000e485157d851,monza,monza-7,5.793,11,https://raw.githubusercontent.com/f1db/f1db/5487e45d4df4097080332f29a0513f275c1023cd/src/data/seasons/2021/races/14-italy/race.yml,2021/14-italy/race.yml,f2c72c4597109139d0009b940aa3edfef3593bb88c05860f7e81336181359e1c,Grand Prix name,Grand Prix name + local_date
2021-15,2021,Russian Grand Prix,FORMULA 1 VTB RUSSIAN GRAND PRIX 2021,2021-09-26,2021-09-26,2021-09-26,15,2021-09-26,Formula 1 VTB Russian Grand Prix 2021,russia,Russian Grand Prix,https://raw.githubusercontent.com/f1db/f1db/5487e45d4df4097080332f29a0513f275c1023cd/src/data/grands-prix/russia.yml,grands-prix/russia.yml,2dfa5522ecd5f72e94072c0cfe71c27ab2e35b9ed56d0b6db0ab118134633ad1,sochi,sochi-1,5.848,18,https://raw.githubusercontent.com/f1db/f1db/5487e45d4df4097080332f29a0513f275c1023cd/src/data/seasons/2021/races/15-russia/race.yml,2021/15-russia/race.yml,70c20a7f826d13226b9f5d022198a1c0089307e5d8ed4a8f511f15d12a56c90f,Grand Prix name,Grand Prix name + local_date
2021-16,2021,Turkish Grand Prix,FORMULA 1 ROLEX TURKISH GRAND PRIX 2021,2021-10-10,2021-10-10,2021-10-10,16,2021-10-03,Formula 1 Rolex Turkish Grand Prix 2021,turkey,Turkish Grand Prix,https://raw.githubusercontent.com/f1db/f1db/5487e45d4df4097080332f29a0513f275c1023cd/src/data/grands-prix/turkey.yml,grands-prix/turkey.yml,0199bba2c0ea2c768cab1ca250ec03858c370650cbd884cc499bb8b2212313a0,istanbul,istanbul-1,5.338,14,https://raw.githubusercontent.com/f1db/f1db/5487e45d4df4097080332f29a0513f275c1023cd/src/data/seasons/2021/races/16-turkey/race.yml,2021/16-turkey/race.yml,c7b1a59956676e1be7155120f26fa4a87cc4753069b32a8491405c9a9af3bacd,Grand Prix name,Grand Prix name; source date mismatch
2021-17,2021,United States Grand Prix,FORMULA 1 ARAMCO UNITED STATES GRAND PRIX 2021,2021-10-24,2021-10-24,2021-10-24,17,2021-10-24,Formula 1 Aramco United States Grand Prix 2021,united-states,United States Grand Prix,https://raw.githubusercontent.com/f1db/f1db/5487e45d4df4097080332f29a0513f275c1023cd/src/data/grands-prix/united-states.yml,grands-prix/united-states.yml,420da82eb18570de60ca0e3c354b2dccb3dd9ef6a278c501a6c75ad137bf5356,austin,austin-1,5.513,20,https://raw.githubusercontent.com/f1db/f1db/5487e45d4df4097080332f29a0513f275c1023cd/src/data/seasons/2021/races/17-united-states/race.yml,2021/17-united-states/race.yml,925cddbbcb319cbdac86493f0fb416096987def6c80a86489abc4075ea68b0e7,Grand Prix name,Grand Prix name + local_date
2021-18,2021,Mexico City Grand Prix,FORMULA 1 GRAN PREMIO DE LA CIUDAD DE MÉXICO 2021,2021-11-07,2021-11-07,2021-11-07,18,2021-11-07,Formula 1 Gran Premio de la Ciudad de México 2021,mexico,Mexican Grand Prix,https://raw.githubusercontent.com/f1db/f1db/5487e45d4df4097080332f29a0513f275c1023cd/src/data/grands-prix/mexico.yml,grands-prix/mexico.yml,ea0f5a75728e5672057a608f757a7aee292a54257e69ca3c97e91e61ef79b309,mexico-city,mexico-city-3,4.304,17,https://raw.githubusercontent.com/f1db/f1db/5487e45d4df4097080332f29a0513f275c1023cd/src/data/seasons/2021/races/18-mexico/race.yml,2021/18-mexico/race.yml,828e3f2ab46c79f376a34f1e2ca9dee6aa74bc4045cbd633e112bdfb5b7e6f53,official name,official name + local_date
2021-19,2021,São Paulo Grand Prix,FORMULA 1 HEINEKEN GRANDE PRÊMIO DE SÃO PAULO 2021,2021-11-14,2021-11-14,2021-11-14,19,2021-11-14,Formula 1 Heineken Grande Prêmio de São Paulo 2021,sao-paulo,São Paulo Grand Prix,https://raw.githubusercontent.com/f1db/f1db/5487e45d4df4097080332f29a0513f275c1023cd/src/data/grands-prix/sao-paulo.yml,grands-prix/sao-paulo.yml,16d3589857266a02c637081f19bdd2997ded54d2ffb90cc66f49da52ae6cb190,interlagos,interlagos-2,4.309,15,https://raw.githubusercontent.com/f1db/f1db/5487e45d4df4097080332f29a0513f275c1023cd/src/data/seasons/2021/races/19-sao-paulo/race.yml,2021/19-sao-paulo/race.yml,4fb2f4c8ed5942c14a960bd504e13212904c90bcb696647e2dde9946758afafe,Grand Prix name,Grand Prix name + local_date
2021-20,2021,Qatar Grand Prix,FORMULA 1 OOREDOO QATAR GRAND PRIX 2021,2021-11-21,2021-11-21,2021-11-21,20,2021-11-21,Formula 1 Ooredoo Qatar Grand Prix 2021,qatar,Qatar Grand Prix,https://raw.githubusercontent.com/f1db/f1db/5487e45d4df4097080332f29a0513f275c1023cd/src/data/grands-prix/qatar.yml,grands-prix/qatar.yml,4da40b7a6942223b61b4cebae7a08acbd8803d6659dbc3d75509baa21f686ef3,lusail,lusail-1,5.38,16,https://raw.githubusercontent.com/f1db/f1db/5487e45d4df4097080332f29a0513f275c1023cd/src/data/seasons/2021/races/20-qatar/race.yml,2021/20-qatar/race.yml,42c9c4f903562efe9ed894ef1d0014b23f5ec9905d93f96a915aea5a0b527daa,Grand Prix name,Grand Prix name + local_date
2021-21,2021,Saudi Arabian Grand Prix,FORMULA 1 STC SAUDI ARABIAN GRAND PRIX 2021,2021-12-05,2021-12-05,2021-12-05,21,2021-12-05,Formula 1 stc Saudi Arabian Grand Prix 2021,saudi-arabia,Saudi Arabian Grand Prix,https://raw.githubusercontent.com/f1db/f1db/5487e45d4df4097080332f29a0513f275c1023cd/src/data/grands-prix/saudi-arabia.yml,grands-prix/saudi-arabia.yml,39a88940ac5685ca44fbb66740382e541482df0a07a454391c0e540af140121d,jeddah,jeddah-1,6.174,27,https://raw.githubusercontent.com/f1db/f1db/5487e45d4df4097080332f29a0513f275c1023cd/src/data/seasons/2021/races/21-saudi-arabia/race.yml,2021/21-saudi-arabia/race.yml,0ea160a5e8643818394c2861eecae1e4ec2efd9f2ee27f4201b8b3cc4980eed7,Grand Prix name,Grand Prix name + local_date
2021-22,2021,Abu Dhabi Grand Prix,FORMULA 1 ETIHAD AIRWAYS ABU DHABI GRAND PRIX 2021,2021-12-12,2021-12-12,2021-12-12,22,2021-12-12,Formula 1 Etihad Airways Abu Dhabi Grand Prix 2021,abu-dhabi,Abu Dhabi Grand Prix,https://raw.githubusercontent.com/f1db/f1db/5487e45d4df4097080332f29a0513f275c1023cd/src/data/grands-prix/abu-dhabi.yml,grands-prix/abu-dhabi.yml,8318d30863fe321431cf8c6fe17196922042598a3f053896dcc6d1cb0ca61eab,yas-marina,yas-marina-2,5.281,16,https://raw.githubusercontent.com/f1db/f1db/5487e45d4df4097080332f29a0513f275c1023cd/src/data/seasons/2021/races/22-abu-dhabi/race.yml,2021/22-abu-dhabi/race.yml,48bce6ea33ae0a6f18bbdfab4025059f8134606aa93e9e8f9efd5d7aefafc35c,Grand Prix name,Grand Prix name + local_date
2022-01,2022,Bahrain Grand Prix,FORMULA 1 GULF AIR BAHRAIN GRAND PRIX 2022,2022-03-20,2022-03-20,2022-03-20,1,2022-03-20,Formula 1 Gulf Air Bahrain Grand Prix 2022,bahrain,Bahrain Grand Prix,https://raw.githubusercontent.com/f1db/f1db/5487e45d4df4097080332f29a0513f275c1023cd/src/data/grands-prix/bahrain.yml,grands-prix/bahrain.yml,fe4b6a5bc9e681d2ad3df3dcf3343fbc7f7b4b0d95a2f8eece150ad81c074da3,bahrain,bahrain-1,5.412,15,https://raw.githubusercontent.com/f1db/f1db/5487e45d4df4097080332f29a0513f275c1023cd/src/data/seasons/2022/races/01-bahrain/race.yml,2022/01-bahrain/race.yml,ca5514fe1cc16117b47c2d2f7e1f30341d3430467dc68d445e1a46bcf0ed3cdb,Grand Prix name,Grand Prix name + local_date
2022-02,2022,Saudi Arabian Grand Prix,FORMULA 1 STC SAUDI ARABIAN GRAND PRIX 2022,2022-03-27,2022-03-27,2022-03-27,2,2022-03-27,Formula 1 stc Saudi Arabian Grand Prix 2022,saudi-arabia,Saudi Arabian Grand Prix,https://raw.githubusercontent.com/f1db/f1db/5487e45d4df4097080332f29a0513f275c1023cd/src/data/grands-prix/saudi-arabia.yml,grands-prix/saudi-arabia.yml,39a88940ac5685ca44fbb66740382e541482df0a07a454391c0e540af140121d,jeddah,jeddah-1,6.174,27,https://raw.githubusercontent.com/f1db/f1db/5487e45d4df4097080332f29a0513f275c1023cd/src/data/seasons/2022/races/02-saudi-arabia/race.yml,2022/02-saudi-arabia/race.yml,c633a140c617acf3008ac13d3a52e65a0dca87e41cd395aad2487746b095a6c3,Grand Prix name,Grand Prix name + local_date
2022-03,2022,Australian Grand Prix,FORMULA 1 HEINEKEN AUSTRALIAN GRAND PRIX 2022,2022-04-10,2022-04-10,2022-04-10,3,2022-04-10,Formula 1 Heineken Australian Grand Prix 2022,australia,Australian Grand Prix,https://raw.githubusercontent.com/f1db/f1db/5487e45d4df4097080332f29a0513f275c1023cd/src/data/grands-prix/australia.yml,grands-prix/australia.yml,0c00ccc926719a8f8c6c8e3661fdeb7bce236bef4420b49520fd97ded188ad47,melbourne,melbourne-2,5.278,14,https://raw.githubusercontent.com/f1db/f1db/5487e45d4df4097080332f29a0513f275c1023cd/src/data/seasons/2022/races/03-australia/race.yml,2022/03-australia/race.yml,36fae9e5c6e16920cc42e6bc0b785d7dd2ff52f811c87cc817c68a9f4811231b,Grand Prix name,Grand Prix name + local_date
2022-04,2022,Emilia Romagna Grand Prix,FORMULA 1 ROLEX GRAN PREMIO DEL MADE IN ITALY E DELL'EMILIA-ROMAGNA 2022,2022-04-24,2022-04-24,2022-04-24,4,2022-04-24,Formula 1 Rolex Gran Premio dell'Emilia Romagna 2022,emilia-romagna,Emilia Romagna Grand Prix,https://raw.githubusercontent.com/f1db/f1db/5487e45d4df4097080332f29a0513f275c1023cd/src/data/grands-prix/emilia-romagna.yml,grands-prix/emilia-romagna.yml,23f2bd322f90519d090893f5930df220f777606f3e3265f12aace4f4315ef54c,imola,imola-3,4.909,19,https://raw.githubusercontent.com/f1db/f1db/5487e45d4df4097080332f29a0513f275c1023cd/src/data/seasons/2022/races/04-emilia-romagna/race.yml,2022/04-emilia-romagna/race.yml,41ea655b1a2509bb2b92eaf6041fcd26ac1ec7e5696e285029b2ea848559adc4,Grand Prix name,Grand Prix name + local_date
2022-05,2022,Miami Grand Prix,FORMULA 1 CRYPTO.COM MIAMI GRAND PRIX 2022,2022-05-08,2022-05-08,2022-05-08,5,2022-05-08,Formula 1 Crypto.com Miami Grand Prix 2022,miami,Miami Grand Prix,https://raw.githubusercontent.com/f1db/f1db/5487e45d4df4097080332f29a0513f275c1023cd/src/data/grands-prix/miami.yml,grands-prix/miami.yml,d3af0d6420df7fbff2c3a53ee00733a9c6fef641d9c8548c5e5768e4129c545f,miami,miami-1,5.412,19,https://raw.githubusercontent.com/f1db/f1db/5487e45d4df4097080332f29a0513f275c1023cd/src/data/seasons/2022/races/05-miami/race.yml,2022/05-miami/race.yml,8ff50f1e24d23c10f734a33d6355db48a760fedb04789dab9f768b07bb5ca7db,Grand Prix name,Grand Prix name + local_date
2022-06,2022,Spanish Grand Prix,FORMULA 1 PIRELLI GRAN PREMIO DE ESPAÑA 2022,2022-05-22,2022-05-22,2022-05-22,6,2022-05-22,Formula 1 Pirelli Gran Premio de España 2022,spain,Spanish Grand Prix,https://raw.githubusercontent.com/f1db/f1db/5487e45d4df4097080332f29a0513f275c1023cd/src/data/grands-prix/spain.yml,grands-prix/spain.yml,af2345206f3a1143e0d2f19a6ed11561c6e41d0622b4a6c7660fea01ef49a763,catalunya,catalunya-5,4.675,16,https://raw.githubusercontent.com/f1db/f1db/5487e45d4df4097080332f29a0513f275c1023cd/src/data/seasons/2022/races/06-spain/race.yml,2022/06-spain/race.yml,f607ca7c8eb9b3ad3caa9db0c4aa6e27e224d0e308ae01cd453ed50a21580fe7,Grand Prix name,Grand Prix name + local_date
2022-07,2022,Monaco Grand Prix,FORMULA 1 GRAND PRIX DE MONACO 2022,2022-05-29,2022-05-29,2022-05-29,7,2022-05-29,Formula 1 Grand Prix de Monaco 2022,monaco,Monaco Grand Prix,https://raw.githubusercontent.com/f1db/f1db/5487e45d4df4097080332f29a0513f275c1023cd/src/data/grands-prix/monaco.yml,grands-prix/monaco.yml,702e457319c055e8a21e172627a767d05f9a399fa48dd649e6a1ea5e03a04df9,monaco,monaco-6,3.337,19,https://raw.githubusercontent.com/f1db/f1db/5487e45d4df4097080332f29a0513f275c1023cd/src/data/seasons/2022/races/07-monaco/race.yml,2022/07-monaco/race.yml,c7a9dc94861188458d752ecbc477fe288004709e41385fdba8bf71b63fe13f3c,Grand Prix name,Grand Prix name + local_date
2022-08,2022,Azerbaijan Grand Prix,FORMULA 1 AZERBAIJAN GRAND PRIX 2022,2022-06-12,2022-06-12,2022-06-12,8,2022-06-12,Formula 1 Azerbaijan Grand Prix 2022,azerbaijan,Azerbaijan Grand Prix,https://raw.githubusercontent.com/f1db/f1db/5487e45d4df4097080332f29a0513f275c1023cd/src/data/grands-prix/azerbaijan.yml,grands-prix/azerbaijan.yml,1873d343e8ae48b1dd2a215517aae532b78cfbc86ad65c64e037136cc8d390cc,baku,baku-1,6.003,20,https://raw.githubusercontent.com/f1db/f1db/5487e45d4df4097080332f29a0513f275c1023cd/src/data/seasons/2022/races/08-azerbaijan/race.yml,2022/08-azerbaijan/race.yml,b642d01d0653447d20c52e0b055a7db3098bf1874848d76a1d5cf54f2bd490af,Grand Prix name,Grand Prix name + local_date
2022-09,2022,Canadian Grand Prix,FORMULA 1 AWS GRAND PRIX DU CANADA 2022,2022-06-19,2022-06-19,2022-06-19,9,2022-06-19,Formula 1 Grand Prix du Canada 2022,canada,Canadian Grand Prix,https://raw.githubusercontent.com/f1db/f1db/5487e45d4df4097080332f29a0513f275c1023cd/src/data/grands-prix/canada.yml,grands-prix/canada.yml,c6ab52ead8234e44417ab8b3c14daaaef9401b8abb52089c9c2f5d9ee9b867f1,montreal,montreal-6,4.361,14,https://raw.githubusercontent.com/f1db/f1db/5487e45d4df4097080332f29a0513f275c1023cd/src/data/seasons/2022/races/09-canada/race.yml,2022/09-canada/race.yml,c1b1918021dc887e38f509b5db877079c53d5272765fdc7f3c6c72031f35125d,Grand Prix name,Grand Prix name + local_date
2022-10,2022,British Grand Prix,FORMULA 1 LENOVO BRITISH GRAND PRIX 2022,2022-07-03,2022-07-03,2022-07-03,10,2022-07-03,Formula 1 Lenovo British Grand Prix 2022,great-britain,British Grand Prix,https://raw.githubusercontent.com/f1db/f1db/5487e45d4df4097080332f29a0513f275c1023cd/src/data/grands-prix/great-britain.yml,grands-prix/great-britain.yml,9dab8c3a012908d3e73019ed53c27bd93b5f5eb2e2e63cde96fe70490edf8400,silverstone,silverstone-8,5.891,18,https://raw.githubusercontent.com/f1db/f1db/5487e45d4df4097080332f29a0513f275c1023cd/src/data/seasons/2022/races/10-great-britain/race.yml,2022/10-great-britain/race.yml,093519df1ca04b10cdaf77791876e717ee60cf32f6e5332e447d042d334c6620,Grand Prix name,Grand Prix name + local_date
2022-11,2022,Austrian Grand Prix,FORMULA 1 ROLEX GROSSER PREIS VON ÖSTERREICH 2022,2022-07-10,2022-07-10,2022-07-10,11,2022-07-10,Formula 1 Grosser Preis von Österreich 2022,austria,Austrian Grand Prix,https://raw.githubusercontent.com/f1db/f1db/5487e45d4df4097080332f29a0513f275c1023cd/src/data/grands-prix/austria.yml,grands-prix/austria.yml,5608855827460a6381be370db7828f221bd55d86e84e967f050f593f54e5c812,spielberg,spielberg-3,4.318,10,https://raw.githubusercontent.com/f1db/f1db/5487e45d4df4097080332f29a0513f275c1023cd/src/data/seasons/2022/races/11-austria/race.yml,2022/11-austria/race.yml,30e0dceb5465f4711569db0788620b4152d11a6b932a4afa1f075115793ccc6a,Grand Prix name,Grand Prix name + local_date
2022-12,2022,French Grand Prix,FORMULA 1 LENOVO GRAND PRIX DE FRANCE 2022,2022-07-24,2022-07-24,2022-07-24,12,2022-07-24,Formula 1 Lenovo Grand Prix de France 2022,france,French Grand Prix,https://raw.githubusercontent.com/f1db/f1db/5487e45d4df4097080332f29a0513f275c1023cd/src/data/grands-prix/france.yml,grands-prix/france.yml,51e32bd6f2aaf0e427ee6ecc449146552fda2f8accbe8fb256f87e1ad545cedf,paul-ricard,paul-ricard-3,5.842,15,https://raw.githubusercontent.com/f1db/f1db/5487e45d4df4097080332f29a0513f275c1023cd/src/data/seasons/2022/races/12-france/race.yml,2022/12-france/race.yml,3e3474cf665a354e424161e1c18f76ec61ddcf02350a6970e92a8085447bfd3c,Grand Prix name,Grand Prix name + local_date
2022-13,2022,Hungarian Grand Prix,FORMULA 1 ARAMCO MAGYAR NAGYDÍJ 2022,2022-07-31,2022-07-31,2022-07-31,13,2022-07-31,Formula 1 Aramco Magyar Nagydíj 2022,hungary,Hungarian Grand Prix,https://raw.githubusercontent.com/f1db/f1db/5487e45d4df4097080332f29a0513f275c1023cd/src/data/grands-prix/hungary.yml,grands-prix/hungary.yml,34d18d4d3223e659152ce67d606209cb0debd0a6d753ba60123195e0f8380100,hungaroring,hungaroring-3,4.381,14,https://raw.githubusercontent.com/f1db/f1db/5487e45d4df4097080332f29a0513f275c1023cd/src/data/seasons/2022/races/13-hungary/race.yml,2022/13-hungary/race.yml,d518cce53e5708cd16d408a85eb34d639bc431f9be66d2be047a4edb3ab93363,Grand Prix name,Grand Prix name + local_date
2022-14,2022,Belgian Grand Prix,FORMULA 1 ROLEX BELGIAN GRAND PRIX 2022,2022-08-28,2022-08-28,2022-08-28,14,2022-08-28,Formula 1 Rolex Belgian Grand Prix 2022,belgium,Belgian Grand Prix,https://raw.githubusercontent.com/f1db/f1db/5487e45d4df4097080332f29a0513f275c1023cd/src/data/grands-prix/belgium.yml,grands-prix/belgium.yml,dacfc89c5b56bdae2c5c5f3e7ad23897d81cdbef6bfa89600f4f109e073cf6f8,spa-francorchamps,spa-francorchamps-4,7.004,19,https://raw.githubusercontent.com/f1db/f1db/5487e45d4df4097080332f29a0513f275c1023cd/src/data/seasons/2022/races/14-belgium/race.yml,2022/14-belgium/race.yml,76c1222d2e7b0b02b5ced14432c9425252565b9c6590a71e4b01eb00f646499e,Grand Prix name,Grand Prix name + local_date
2022-15,2022,Dutch Grand Prix,FORMULA 1 HEINEKEN DUTCH GRAND PRIX 2022,2022-09-04,2022-09-04,2022-09-04,15,2022-09-04,Formula 1 Heineken Dutch Grand Prix 2022,netherlands,Dutch Grand Prix,https://raw.githubusercontent.com/f1db/f1db/5487e45d4df4097080332f29a0513f275c1023cd/src/data/grands-prix/netherlands.yml,grands-prix/netherlands.yml,4835d57d20a087f660cf93b9bd500f11ab24ac0e6d23f85a94dd85bcc3ee2a81,zandvoort,zandvoort-5,4.259,14,https://raw.githubusercontent.com/f1db/f1db/5487e45d4df4097080332f29a0513f275c1023cd/src/data/seasons/2022/races/15-netherlands/race.yml,2022/15-netherlands/race.yml,4ad3e1d0e8038764ce17db0fe863a364bdeeeaa7d764c0784124d85ffee2ad9c,Grand Prix name,Grand Prix name + local_date
2022-16,2022,Italian Grand Prix,FORMULA 1 PIRELLI GRAN PREMIO D’ITALIA 2022,2022-09-11,2022-09-11,2022-09-11,16,2022-09-11,Formula 1 Pirelli Gran Premio d'Italia 2022,italy,Italian Grand Prix,https://raw.githubusercontent.com/f1db/f1db/5487e45d4df4097080332f29a0513f275c1023cd/src/data/grands-prix/italy.yml,grands-prix/italy.yml,77df024f1be7a9fc086170056ae5878248a37a3c645ecda3f0000e485157d851,monza,monza-7,5.793,11,https://raw.githubusercontent.com/f1db/f1db/5487e45d4df4097080332f29a0513f275c1023cd/src/data/seasons/2022/races/16-italy/race.yml,2022/16-italy/race.yml,b31e4caf1c03e829c7fbe3550176df758ea1138257fc3fb3ffb7cc4fbc109ffe,Grand Prix name,Grand Prix name + local_date
2022-17,2022,Singapore Grand Prix,FORMULA 1 SINGAPORE AIRLINES SINGAPORE GRAND PRIX 2022,2022-10-02,2022-10-02,2022-10-02,17,2022-10-02,Formula 1 Singapore Airlines Singapore Grand Prix 2022,singapore,Singapore Grand Prix,https://raw.githubusercontent.com/f1db/f1db/5487e45d4df4097080332f29a0513f275c1023cd/src/data/grands-prix/singapore.yml,grands-prix/singapore.yml,e6edf58dd78baa9063402104f582be106eb3fd67d3092eb2ccdeb8f5b2fb8075,marina-bay,marina-bay-3,5.063,23,https://raw.githubusercontent.com/f1db/f1db/5487e45d4df4097080332f29a0513f275c1023cd/src/data/seasons/2022/races/17-singapore/race.yml,2022/17-singapore/race.yml,39b03e1f2e61fc707b4944d16814a9d5b7380100026741ab68af8a0637774c4e,Grand Prix name,Grand Prix name + local_date
2022-18,2022,Japanese Grand Prix,FORMULA 1 HONDA JAPANESE GRAND PRIX 2022,2022-10-09,2022-10-09,2022-10-09,18,2022-10-09,Formula 1 Honda Japanese Grand Prix 2022,japan,Japanese Grand Prix,https://raw.githubusercontent.com/f1db/f1db/5487e45d4df4097080332f29a0513f275c1023cd/src/data/grands-prix/japan.yml,grands-prix/japan.yml,1b6ba4837daea0862f68e510e2d457fb92c0f375c434f30f9c5b64572cbec68c,suzuka,suzuka-2,5.807,18,https://raw.githubusercontent.com/f1db/f1db/5487e45d4df4097080332f29a0513f275c1023cd/src/data/seasons/2022/races/18-japan/race.yml,2022/18-japan/race.yml,046fbf2472069f453f690f7f0cffb5139f52e0df642c9f4de596b263a731bd9c,Grand Prix name,Grand Prix name + local_date
2022-19,2022,United States Grand Prix,FORMULA 1 ARAMCO UNITED STATES GRAND PRIX 2022,2022-10-23,2022-10-23,2022-10-23,19,2022-10-23,Formula 1 Aramco United States Grand Prix 2022,united-states,United States Grand Prix,https://raw.githubusercontent.com/f1db/f1db/5487e45d4df4097080332f29a0513f275c1023cd/src/data/grands-prix/united-states.yml,grands-prix/united-states.yml,420da82eb18570de60ca0e3c354b2dccb3dd9ef6a278c501a6c75ad137bf5356,austin,austin-1,5.513,20,https://raw.githubusercontent.com/f1db/f1db/5487e45d4df4097080332f29a0513f275c1023cd/src/data/seasons/2022/races/19-united-states/race.yml,2022/19-united-states/race.yml,d4deeb0c5a771ecc1e14d6faa6554780d1915991816c3f244e597ca679265205,Grand Prix name,Grand Prix name + local_date
2022-20,2022,Mexico City Grand Prix,FORMULA 1 HEINEKEN GRAN PREMIO DE LA CIUDAD DE MÉXICO 2022,2022-10-30,2022-10-30,2022-10-30,20,2022-10-30,Formula 1 Heineken Gran Premio de la Ciudad de México 2022,mexico,Mexican Grand Prix,https://raw.githubusercontent.com/f1db/f1db/5487e45d4df4097080332f29a0513f275c1023cd/src/data/grands-prix/mexico.yml,grands-prix/mexico.yml,ea0f5a75728e5672057a608f757a7aee292a54257e69ca3c97e91e61ef79b309,mexico-city,mexico-city-3,4.304,17,https://raw.githubusercontent.com/f1db/f1db/5487e45d4df4097080332f29a0513f275c1023cd/src/data/seasons/2022/races/20-mexico/race.yml,2022/20-mexico/race.yml,ba4a45451fc665ec62b546989a8d3ea2f88ebe7e4a35ab190888c959dc6831fe,official name,official name + local_date
2022-21,2022,São Paulo Grand Prix,FORMULA 1 HEINEKEN GRANDE PRÊMIO DE SÃO PAULO 2022,2022-11-13,2022-11-13,2022-11-13,21,2022-11-13,Formula 1 Heineken Grande Prêmio de São Paulo 2022,sao-paulo,São Paulo Grand Prix,https://raw.githubusercontent.com/f1db/f1db/5487e45d4df4097080332f29a0513f275c1023cd/src/data/grands-prix/sao-paulo.yml,grands-prix/sao-paulo.yml,16d3589857266a02c637081f19bdd2997ded54d2ffb90cc66f49da52ae6cb190,interlagos,interlagos-2,4.309,15,https://raw.githubusercontent.com/f1db/f1db/5487e45d4df4097080332f29a0513f275c1023cd/src/data/seasons/2022/races/21-sao-paulo/race.yml,2022/21-sao-paulo/race.yml,407bd92594e4af939761fb556ea391ee7dd27dc9cbc942acb9e84226d0693f63,Grand Prix name,Grand Prix name + local_date
2022-22,2022,Abu Dhabi Grand Prix,FORMULA 1 ETIHAD AIRWAYS ABU DHABI GRAND PRIX 2022,2022-11-20,2022-11-20,2022-11-20,22,2022-11-20,Formula 1 Etihad Airways Abu Dhabi Grand Prix 2022,abu-dhabi,Abu Dhabi Grand Prix,https://raw.githubusercontent.com/f1db/f1db/5487e45d4df4097080332f29a0513f275c1023cd/src/data/grands-prix/abu-dhabi.yml,grands-prix/abu-dhabi.yml,8318d30863fe321431cf8c6fe17196922042598a3f053896dcc6d1cb0ca61eab,yas-marina,yas-marina-2,5.281,16,https://raw.githubusercontent.com/f1db/f1db/5487e45d4df4097080332f29a0513f275c1023cd/src/data/seasons/2022/races/22-abu-dhabi/race.yml,2022/22-abu-dhabi/race.yml,041e6737c38714aaef3c4a0e16278210af5fc825a4fac061bcb2423c21e0cc95,Grand Prix name,Grand Prix name + local_date
2023-01,2023,Bahrain Grand Prix,FORMULA 1 GULF AIR BAHRAIN GRAND PRIX 2023,2023-03-05,2023-03-05,2023-03-05,1,2023-03-05,Formula 1 Gulf Air Bahrain Grand Prix 2023,bahrain,Bahrain Grand Prix,https://raw.githubusercontent.com/f1db/f1db/5487e45d4df4097080332f29a0513f275c1023cd/src/data/grands-prix/bahrain.yml,grands-prix/bahrain.yml,fe4b6a5bc9e681d2ad3df3dcf3343fbc7f7b4b0d95a2f8eece150ad81c074da3,bahrain,bahrain-1,5.412,15,https://raw.githubusercontent.com/f1db/f1db/5487e45d4df4097080332f29a0513f275c1023cd/src/data/seasons/2023/races/01-bahrain/race.yml,2023/01-bahrain/race.yml,0c9d19cd2ca9921961ec067329eae297eb57b5c892c98435cc5f28ebdf4b044b,Grand Prix name,Grand Prix name + local_date
2023-02,2023,Saudi Arabian Grand Prix,FORMULA 1 STC SAUDI ARABIAN GRAND PRIX 2023,2023-03-19,2023-03-19,2023-03-19,2,2023-03-19,Formula 1 stc Saudi Arabian Grand Prix 2023,saudi-arabia,Saudi Arabian Grand Prix,https://raw.githubusercontent.com/f1db/f1db/5487e45d4df4097080332f29a0513f275c1023cd/src/data/grands-prix/saudi-arabia.yml,grands-prix/saudi-arabia.yml,39a88940ac5685ca44fbb66740382e541482df0a07a454391c0e540af140121d,jeddah,jeddah-1,6.174,27,https://raw.githubusercontent.com/f1db/f1db/5487e45d4df4097080332f29a0513f275c1023cd/src/data/seasons/2023/races/02-saudi-arabia/race.yml,2023/02-saudi-arabia/race.yml,22ff928eb8df3d1d1c720604999b203147b4a0821895b2cb62c96b6f25f0b885,Grand Prix name,Grand Prix name + local_date
2023-03,2023,Australian Grand Prix,FORMULA 1 ROLEX AUSTRALIAN GRAND PRIX 2023,2023-04-02,2023-04-02,2023-04-02,3,2023-04-02,Formula 1 Rolex Australian Grand Prix 2023,australia,Australian Grand Prix,https://raw.githubusercontent.com/f1db/f1db/5487e45d4df4097080332f29a0513f275c1023cd/src/data/grands-prix/australia.yml,grands-prix/australia.yml,0c00ccc926719a8f8c6c8e3661fdeb7bce236bef4420b49520fd97ded188ad47,melbourne,melbourne-2,5.278,14,https://raw.githubusercontent.com/f1db/f1db/5487e45d4df4097080332f29a0513f275c1023cd/src/data/seasons/2023/races/03-australia/race.yml,2023/03-australia/race.yml,ec70a4db557497f70c0699eebf11efef81473cab07de9a8f512d24c0d11a134e,Grand Prix name,Grand Prix name + local_date
2023-04,2023,Azerbaijan Grand Prix,FORMULA 1 AZERBAIJAN GRAND PRIX 2023,2023-04-30,2023-04-30,2023-04-30,4,2023-04-30,Formula 1 Azerbaijan Grand Prix 2023,azerbaijan,Azerbaijan Grand Prix,https://raw.githubusercontent.com/f1db/f1db/5487e45d4df4097080332f29a0513f275c1023cd/src/data/grands-prix/azerbaijan.yml,grands-prix/azerbaijan.yml,1873d343e8ae48b1dd2a215517aae532b78cfbc86ad65c64e037136cc8d390cc,baku,baku-1,6.003,20,https://raw.githubusercontent.com/f1db/f1db/5487e45d4df4097080332f29a0513f275c1023cd/src/data/seasons/2023/races/04-azerbaijan/race.yml,2023/04-azerbaijan/race.yml,b2c82587e05aeeee041b0f4b2baec04672dcbe73139d523bfd70ef8a83020523,Grand Prix name,Grand Prix name + local_date
2023-05,2023,Miami Grand Prix,FORMULA 1 CRYPTO.COM MIAMI GRAND PRIX 2023,2023-05-07,2023-05-07,2023-05-07,5,2023-05-07,Formula 1 Crypto.com Miami Grand Prix 2023,miami,Miami Grand Prix,https://raw.githubusercontent.com/f1db/f1db/5487e45d4df4097080332f29a0513f275c1023cd/src/data/grands-prix/miami.yml,grands-prix/miami.yml,d3af0d6420df7fbff2c3a53ee00733a9c6fef641d9c8548c5e5768e4129c545f,miami,miami-1,5.412,19,https://raw.githubusercontent.com/f1db/f1db/5487e45d4df4097080332f29a0513f275c1023cd/src/data/seasons/2023/races/05-miami/race.yml,2023/05-miami/race.yml,ca9f1783e8cf514e07b0c78da8f7feb105401ff4931d8eb5f5386d3071bd008f,Grand Prix name,Grand Prix name + local_date
2023-06,2023,Monaco Grand Prix,FORMULA 1 GRAND PRIX DE MONACO 2023,2023-05-28,2023-05-28,2023-05-28,6,2023-05-28,Formula 1 Grand Prix de Monaco 2023,monaco,Monaco Grand Prix,https://raw.githubusercontent.com/f1db/f1db/5487e45d4df4097080332f29a0513f275c1023cd/src/data/grands-prix/monaco.yml,grands-prix/monaco.yml,702e457319c055e8a21e172627a767d05f9a399fa48dd649e6a1ea5e03a04df9,monaco,monaco-6,3.337,19,https://raw.githubusercontent.com/f1db/f1db/5487e45d4df4097080332f29a0513f275c1023cd/src/data/seasons/2023/races/06-monaco/race.yml,2023/06-monaco/race.yml,0c6f55a81f34a68a32dd6fb0a4e4a5ca6cf4e99ce8bcd478cd2341eae8c64186,Grand Prix name,Grand Prix name + local_date
2023-07,2023,Spanish Grand Prix,FORMULA 1 AWS GRAN PREMIO DE ESPAÑA 2023,2023-06-04,2023-06-04,2023-06-04,7,2023-06-04,Formula 1 AWS Gran Premio de España 2023,spain,Spanish Grand Prix,https://raw.githubusercontent.com/f1db/f1db/5487e45d4df4097080332f29a0513f275c1023cd/src/data/grands-prix/spain.yml,grands-prix/spain.yml,af2345206f3a1143e0d2f19a6ed11561c6e41d0622b4a6c7660fea01ef49a763,catalunya,catalunya-6,4.657,14,https://raw.githubusercontent.com/f1db/f1db/5487e45d4df4097080332f29a0513f275c1023cd/src/data/seasons/2023/races/07-spain/race.yml,2023/07-spain/race.yml,f8174ee46de0a4bcc63ad2e458e0464c201510a750a3cd93b7702641ed28ad8d,Grand Prix name,Grand Prix name + local_date
2023-08,2023,Canadian Grand Prix,FORMULA 1 PIRELLI GRAND PRIX DU CANADA 2023,2023-06-18,2023-06-18,2023-06-18,8,2023-06-18,Formula 1 Pirelli Grand Prix du Canada 2023,canada,Canadian Grand Prix,https://raw.githubusercontent.com/f1db/f1db/5487e45d4df4097080332f29a0513f275c1023cd/src/data/grands-prix/canada.yml,grands-prix/canada.yml,c6ab52ead8234e44417ab8b3c14daaaef9401b8abb52089c9c2f5d9ee9b867f1,montreal,montreal-6,4.361,14,https://raw.githubusercontent.com/f1db/f1db/5487e45d4df4097080332f29a0513f275c1023cd/src/data/seasons/2023/races/08-canada/race.yml,2023/08-canada/race.yml,e344dd01cb4e63d81a5089dbd9bde3e6bc3e42ecca0ffb1228d377e407eb652f,Grand Prix name,Grand Prix name + local_date
2023-09,2023,Austrian Grand Prix,FORMULA 1 ROLEX GROSSER PREIS VON ÖSTERREICH 2023,2023-07-02,2023-07-02,2023-07-02,9,2023-07-02,Formula 1 Rolex Grosser Preis von Österreich 2023,austria,Austrian Grand Prix,https://raw.githubusercontent.com/f1db/f1db/5487e45d4df4097080332f29a0513f275c1023cd/src/data/grands-prix/austria.yml,grands-prix/austria.yml,5608855827460a6381be370db7828f221bd55d86e84e967f050f593f54e5c812,spielberg,spielberg-3,4.318,10,https://raw.githubusercontent.com/f1db/f1db/5487e45d4df4097080332f29a0513f275c1023cd/src/data/seasons/2023/races/09-austria/race.yml,2023/09-austria/race.yml,4b4ba716dc0f49b1b318920c66f2bf9c4b181ad7dc12e7bcfe39fd4b4ba5798c,Grand Prix name,Grand Prix name + local_date
2023-10,2023,British Grand Prix,FORMULA 1 ARAMCO BRITISH GRAND PRIX 2023,2023-07-09,2023-07-09,2023-07-09,10,2023-07-09,Formula 1 Aramco British Grand Prix 2023,great-britain,British Grand Prix,https://raw.githubusercontent.com/f1db/f1db/5487e45d4df4097080332f29a0513f275c1023cd/src/data/grands-prix/great-britain.yml,grands-prix/great-britain.yml,9dab8c3a012908d3e73019ed53c27bd93b5f5eb2e2e63cde96fe70490edf8400,silverstone,silverstone-8,5.891,18,https://raw.githubusercontent.com/f1db/f1db/5487e45d4df4097080332f29a0513f275c1023cd/src/data/seasons/2023/races/10-great-britain/race.yml,2023/10-great-britain/race.yml,e12008fd4963948618634d1df1f9188062c935ec982018b8702ed209920b244e,Grand Prix name,Grand Prix name + local_date
2023-11,2023,Hungarian Grand Prix,FORMULA 1 QATAR AIRWAYS HUNGARIAN GRAND PRIX 2023,2023-07-23,2023-07-23,2023-07-23,11,2023-07-23,Formula 1 Qatar Airways Hungarian Grand Prix 2023,hungary,Hungarian Grand Prix,https://raw.githubusercontent.com/f1db/f1db/5487e45d4df4097080332f29a0513f275c1023cd/src/data/grands-prix/hungary.yml,grands-prix/hungary.yml,34d18d4d3223e659152ce67d606209cb0debd0a6d753ba60123195e0f8380100,hungaroring,hungaroring-3,4.381,14,https://raw.githubusercontent.com/f1db/f1db/5487e45d4df4097080332f29a0513f275c1023cd/src/data/seasons/2023/races/11-hungary/race.yml,2023/11-hungary/race.yml,5f77f49ddbd2358727be0ba7479b2122118c63c0a8e5ab745dfb1d852f40ce13,Grand Prix name,Grand Prix name + local_date
2023-12,2023,Belgian Grand Prix,FORMULA 1 MSC CRUISES BELGIAN GRAND PRIX 2023,2023-07-30,2023-07-30,2023-07-30,12,2023-07-30,Formula 1 MSC Cruises Belgian Grand Prix 2023,belgium,Belgian Grand Prix,https://raw.githubusercontent.com/f1db/f1db/5487e45d4df4097080332f29a0513f275c1023cd/src/data/grands-prix/belgium.yml,grands-prix/belgium.yml,dacfc89c5b56bdae2c5c5f3e7ad23897d81cdbef6bfa89600f4f109e073cf6f8,spa-francorchamps,spa-francorchamps-4,7.004,19,https://raw.githubusercontent.com/f1db/f1db/5487e45d4df4097080332f29a0513f275c1023cd/src/data/seasons/2023/races/12-belgium/race.yml,2023/12-belgium/race.yml,15cb8f859dd883221472332bf0c4dc436e41126782b08fc6185e89be536b6f4f,Grand Prix name,Grand Prix name + local_date
2023-13,2023,Dutch Grand Prix,FORMULA 1 HEINEKEN DUTCH GRAND PRIX 2023,2023-08-27,2023-08-27,2023-08-27,13,2023-08-27,Formula 1 Heineken Dutch Grand Prix 2023,netherlands,Dutch Grand Prix,https://raw.githubusercontent.com/f1db/f1db/5487e45d4df4097080332f29a0513f275c1023cd/src/data/grands-prix/netherlands.yml,grands-prix/netherlands.yml,4835d57d20a087f660cf93b9bd500f11ab24ac0e6d23f85a94dd85bcc3ee2a81,zandvoort,zandvoort-5,4.259,14,https://raw.githubusercontent.com/f1db/f1db/5487e45d4df4097080332f29a0513f275c1023cd/src/data/seasons/2023/races/13-netherlands/race.yml,2023/13-netherlands/race.yml,816587b23baaeb0245e0768a0658f9f1da8331d62c6f37a781dbd7e49770550d,Grand Prix name,Grand Prix name + local_date
2023-14,2023,Italian Grand Prix,FORMULA 1 PIRELLI GRAN PREMIO D’ITALIA 2023 ,2023-09-03,2023-09-03,2023-09-03,14,2023-09-03,Formula 1 Pirelli Gran Premio d'Italia 2023,italy,Italian Grand Prix,https://raw.githubusercontent.com/f1db/f1db/5487e45d4df4097080332f29a0513f275c1023cd/src/data/grands-prix/italy.yml,grands-prix/italy.yml,77df024f1be7a9fc086170056ae5878248a37a3c645ecda3f0000e485157d851,monza,monza-7,5.793,11,https://raw.githubusercontent.com/f1db/f1db/5487e45d4df4097080332f29a0513f275c1023cd/src/data/seasons/2023/races/14-italy/race.yml,2023/14-italy/race.yml,86b6ecce7bc273c482dc4adca9c0d1307f7e8b558dd6aa3b0aab84772d63578f,Grand Prix name,Grand Prix name + local_date
2023-15,2023,Singapore Grand Prix,FORMULA 1 SINGAPORE AIRLINES SINGAPORE GRAND PRIX 2023 ,2023-09-17,2023-09-17,2023-09-17,15,2023-09-17,Formula 1 Singapore Airlines Singapore Grand Prix 2023,singapore,Singapore Grand Prix,https://raw.githubusercontent.com/f1db/f1db/5487e45d4df4097080332f29a0513f275c1023cd/src/data/grands-prix/singapore.yml,grands-prix/singapore.yml,e6edf58dd78baa9063402104f582be106eb3fd67d3092eb2ccdeb8f5b2fb8075,marina-bay,marina-bay-4,4.94,19,https://raw.githubusercontent.com/f1db/f1db/5487e45d4df4097080332f29a0513f275c1023cd/src/data/seasons/2023/races/15-singapore/race.yml,2023/15-singapore/race.yml,8c978892db5eba303b12ca7c90b17173deb1e201e345e475f5c3e3fde21842f1,Grand Prix name,Grand Prix name + local_date
2023-16,2023,Japanese Grand Prix,FORMULA 1 LENOVO JAPANESE GRAND PRIX 2023 ,2023-09-24,2023-09-24,2023-09-24,16,2023-09-24,Formula 1 Lenovo Japanese Grand Prix 2023,japan,Japanese Grand Prix,https://raw.githubusercontent.com/f1db/f1db/5487e45d4df4097080332f29a0513f275c1023cd/src/data/grands-prix/japan.yml,grands-prix/japan.yml,1b6ba4837daea0862f68e510e2d457fb92c0f375c434f30f9c5b64572cbec68c,suzuka,suzuka-2,5.807,18,https://raw.githubusercontent.com/f1db/f1db/5487e45d4df4097080332f29a0513f275c1023cd/src/data/seasons/2023/races/16-japan/race.yml,2023/16-japan/race.yml,fe70b079900e4bfd5c1980d6ab149314b1cebf4ef02d1b74f792a6c1954ea492,Grand Prix name,Grand Prix name + local_date
2023-17,2023,Qatar Grand Prix,FORMULA 1 QATAR AIRWAYS QATAR GRAND PRIX 2023,2023-10-08,2023-10-08,2023-10-08,17,2023-10-08,Formula 1 Qatar Airways Qatar Grand Prix 2023,qatar,Qatar Grand Prix,https://raw.githubusercontent.com/f1db/f1db/5487e45d4df4097080332f29a0513f275c1023cd/src/data/grands-prix/qatar.yml,grands-prix/qatar.yml,4da40b7a6942223b61b4cebae7a08acbd8803d6659dbc3d75509baa21f686ef3,lusail,lusail-1,5.419,16,https://raw.githubusercontent.com/f1db/f1db/5487e45d4df4097080332f29a0513f275c1023cd/src/data/seasons/2023/races/17-qatar/race.yml,2023/17-qatar/race.yml,d52f251ca6691db66af58d206b0ed6bc81236e75a3ebe5379ea1c3baa298ee9c,Grand Prix name,Grand Prix name + local_date
2023-18,2023,United States Grand Prix,FORMULA 1 LENOVO UNITED STATES GRAND PRIX 2023,2023-10-22,2023-10-22,2023-10-22,18,2023-10-22,Formula 1 Lenovo United States Grand Prix 2023,united-states,United States Grand Prix,https://raw.githubusercontent.com/f1db/f1db/5487e45d4df4097080332f29a0513f275c1023cd/src/data/grands-prix/united-states.yml,grands-prix/united-states.yml,420da82eb18570de60ca0e3c354b2dccb3dd9ef6a278c501a6c75ad137bf5356,austin,austin-1,5.513,20,https://raw.githubusercontent.com/f1db/f1db/5487e45d4df4097080332f29a0513f275c1023cd/src/data/seasons/2023/races/18-united-states/race.yml,2023/18-united-states/race.yml,e8282f281de9225883aef3d5cda628986775b114b55b33f7f4feb4a819520902,Grand Prix name,Grand Prix name + local_date
2023-19,2023,Mexico City Grand Prix,FORMULA 1 GRAN PREMIO DE LA CIUDAD DE MÉXICO 2023,2023-10-29,2023-10-29,2023-10-29,19,2023-10-29,Formula 1 Gran Premio de la Ciudad de México 2023,mexico,Mexican Grand Prix,https://raw.githubusercontent.com/f1db/f1db/5487e45d4df4097080332f29a0513f275c1023cd/src/data/grands-prix/mexico.yml,grands-prix/mexico.yml,ea0f5a75728e5672057a608f757a7aee292a54257e69ca3c97e91e61ef79b309,mexico-city,mexico-city-3,4.304,17,https://raw.githubusercontent.com/f1db/f1db/5487e45d4df4097080332f29a0513f275c1023cd/src/data/seasons/2023/races/19-mexico/race.yml,2023/19-mexico/race.yml,3e938b30bfc5f91cc8bd381a04a411e905a24fd6b70495d09ed207d9ada6cbec,official name,official name + local_date
2023-20,2023,São Paulo Grand Prix,FORMULA 1 ROLEX GRANDE PRÊMIO DE SÃO PAULO 2023,2023-11-05,2023-11-05,2023-11-05,20,2023-11-05,Formula 1 Rolex Grande Prêmio de São Paulo 2023,sao-paulo,São Paulo Grand Prix,https://raw.githubusercontent.com/f1db/f1db/5487e45d4df4097080332f29a0513f275c1023cd/src/data/grands-prix/sao-paulo.yml,grands-prix/sao-paulo.yml,16d3589857266a02c637081f19bdd2997ded54d2ffb90cc66f49da52ae6cb190,interlagos,interlagos-2,4.309,15,https://raw.githubusercontent.com/f1db/f1db/5487e45d4df4097080332f29a0513f275c1023cd/src/data/seasons/2023/races/20-sao-paulo/race.yml,2023/20-sao-paulo/race.yml,2628623a940c157ee2ab9223e74d58c83c20099881d9be8d31fcab0b34975b6e,Grand Prix name,Grand Prix name + local_date
2023-21,2023,Las Vegas Grand Prix,FORMULA 1 HEINEKEN SILVER LAS VEGAS GRAND PRIX 2023,2023-11-18,2023-11-18,2023-11-19,21,2023-11-19,Formula 1 Heineken Silver Las Vegas Grand Prix 2023,las-vegas,Las Vegas Grand Prix,https://raw.githubusercontent.com/f1db/f1db/5487e45d4df4097080332f29a0513f275c1023cd/src/data/grands-prix/las-vegas.yml,grands-prix/las-vegas.yml,94d8d5a279c046a36f54448989e0e1175178373fb6c82a5f715121cf4a4d0a15,las-vegas,las-vegas-1,6.201,17,https://raw.githubusercontent.com/f1db/f1db/5487e45d4df4097080332f29a0513f275c1023cd/src/data/seasons/2023/races/21-las-vegas/race.yml,2023/21-las-vegas/race.yml,3bff2fdbc765a59848dfebaedd2c834fa56549e62877e6f31092cf9c7bc57d42,Grand Prix name,Grand Prix name + UTC_date
2023-22,2023,Abu Dhabi Grand Prix,FORMULA 1 ETIHAD AIRWAYS ABU DHABI GRAND PRIX 2023 ,2023-11-26,2023-11-26,2023-11-26,22,2023-11-26,Formula 1 Etihad Airways Abu Dhabi Grand Prix 2023,abu-dhabi,Abu Dhabi Grand Prix,https://raw.githubusercontent.com/f1db/f1db/5487e45d4df4097080332f29a0513f275c1023cd/src/data/grands-prix/abu-dhabi.yml,grands-prix/abu-dhabi.yml,8318d30863fe321431cf8c6fe17196922042598a3f053896dcc6d1cb0ca61eab,yas-marina,yas-marina-2,5.281,16,https://raw.githubusercontent.com/f1db/f1db/5487e45d4df4097080332f29a0513f275c1023cd/src/data/seasons/2023/races/22-abu-dhabi/race.yml,2023/22-abu-dhabi/race.yml,efae1dc55ebf59b674bea3fadb0c87219e691b9d9c252d67803039e6251fa9c6,Grand Prix name,Grand Prix name + local_date
