Driver,Team,Q1,Q2,Q3,QualiTime,AirTemp,TrackTemp,Humidity,Rainfall,FP1_Time,FP2_Time,FP3_Time,Year,Circuit
VER,Red Bull Racing,91.295,90.503,89.708,89.708,23.879999999999995,28.085263157894722,21.652631578947368,0.0,93.375,91.076,92.345,2023,Bahrain Grand Prix
PER,Red Bull Racing,91.479,90.746,89.846,89.846,23.879999999999995,28.085263157894722,21.652631578947368,0.0,92.758,91.078,92.446,2023,Bahrain Grand Prix
LEC,Ferrari,91.094,90.282,90.0,90.0,23.879999999999995,28.085263157894722,21.652631578947368,0.0,94.257,91.367,92.624,2023,Bahrain Grand Prix
SAI,Ferrari,90.993,90.515,90.154,90.154,23.879999999999995,28.085263157894722,21.652631578947368,0.0,96.072,91.956,92.945,2023,Bahrain Grand Prix
ALO,Aston Martin,91.158,90.645,90.336,90.336,23.879999999999995,28.085263157894722,21.652631578947368,0.0,93.196,90.907,92.34,2023,Bahrain Grand Prix
RUS,Mercedes,91.057,90.507,90.34,90.34,23.879999999999995,28.085263157894722,21.652631578947368,0.0,94.966,91.882,92.731,2023,Bahrain Grand Prix
HAM,Mercedes,91.543,90.513,90.384,90.384,23.879999999999995,28.085263157894722,21.652631578947368,0.0,94.917,91.543,92.555,2023,Bahrain Grand Prix
STR,Aston Martin,91.184,91.127,90.836,90.836,23.879999999999995,28.085263157894722,21.652631578947368,0.0,94.298,91.45,92.919,2023,Bahrain Grand Prix
OCO,Alpine,91.508,90.914,90.984,90.914,23.879999999999995,28.085263157894722,21.652631578947368,0.0,95.105,91.608,93.116,2023,Bahrain Grand Prix
HUL,Haas F1 Team,91.204,90.809,,90.809,23.879999999999995,28.085263157894722,21.652631578947368,0.0,95.043,91.376,93.423,2023,Bahrain Grand Prix
NOR,McLaren,91.652,91.381,,91.381,23.879999999999995,28.085263157894722,21.652631578947368,0.0,94.165,91.57,93.202,2023,Bahrain Grand Prix
BOT,Alfa Romeo,91.504,91.443,,91.443,23.879999999999995,28.085263157894722,21.652631578947368,0.0,94.689,91.793,93.629,2023,Bahrain Grand Prix
ZHO,Alfa Romeo,91.615,91.473,,91.473,23.879999999999995,28.085263157894722,21.652631578947368,0.0,94.575,91.586,93.18,2023,Bahrain Grand Prix
TSU,AlphaTauri,91.4,92.51,,91.4,23.879999999999995,28.085263157894722,21.652631578947368,0.0,95.015,92.525,93.475,2023,Bahrain Grand Prix
ALB,Williams,91.461,,,91.461,23.879999999999995,28.085263157894722,21.652631578947368,0.0,96.018,92.44,93.882,2023,Bahrain Grand Prix
SAR,Williams,91.652,,,91.652,23.879999999999995,28.085263157894722,21.652631578947368,0.0,95.749,92.749,93.665,2023,Bahrain Grand Prix
MAG,Haas F1 Team,91.892,,,91.892,23.879999999999995,28.085263157894722,21.652631578947368,0.0,94.402,92.11,93.381,2023,Bahrain Grand Prix
PIA,McLaren,92.101,,,92.101,23.879999999999995,28.085263157894722,21.652631578947368,0.0,94.997,92.024,93.045,2023,Bahrain Grand Prix
DEV,AlphaTauri,92.121,,,92.121,23.879999999999995,28.085263157894722,21.652631578947368,0.0,95.402,92.605,94.082,2023,Bahrain Grand Prix
GAS,Alpine,92.181,,,92.181,23.879999999999995,28.085263157894722,21.652631578947368,0.0,95.455,91.475,93.064,2023,Bahrain Grand Prix
PER,Red Bull Racing,89.244,88.635,88.265,88.265,27.02375,31.666249999999998,44.7375,0.0,90.1,89.902,89.098,2023,Saudi Arabian Grand Prix
LEC,Ferrari,89.376,88.903,88.42,88.42,27.02375,31.666249999999998,44.7375,0.0,91.118,90.341,89.588,2023,Saudi Arabian Grand Prix
ALO,Aston Martin,89.298,88.757,88.73,88.73,27.02375,31.666249999999998,44.7375,0.0,90.315,89.811,89.483,2023,Saudi Arabian Grand Prix
RUS,Mercedes,89.592,89.132,88.857,88.857,27.02375,31.666249999999998,44.7375,0.0,90.771,90.07,89.811,2023,Saudi Arabian Grand Prix
SAI,Ferrari,89.411,88.957,88.931,88.931,27.02375,31.666249999999998,44.7375,0.0,90.924,90.592,89.761,2023,Saudi Arabian Grand Prix
STR,Aston Martin,89.335,88.962,88.945,88.945,27.02375,31.666249999999998,44.7375,0.0,90.577,90.11,89.509,2023,Saudi Arabian Grand Prix
OCO,Alpine,89.707,89.255,89.078,89.078,27.02375,31.666249999999998,44.7375,0.0,91.181,90.039,89.953,2023,Saudi Arabian Grand Prix
HAM,Mercedes,89.689,89.374,89.223,89.223,27.02375,31.666249999999998,44.7375,0.0,90.787,90.599,89.568,2023,Saudi Arabian Grand Prix
PIA,McLaren,89.706,89.378,89.243,89.243,27.02375,31.666249999999998,44.7375,0.0,91.491,90.964,89.698,2023,Saudi Arabian Grand Prix
GAS,Alpine,89.89,89.411,89.357,89.357,27.02375,31.666249999999998,44.7375,0.0,90.949,90.1,89.701,2023,Saudi Arabian Grand Prix
HUL,Haas F1 Team,89.547,89.451,,89.451,27.02375,31.666249999999998,44.7375,0.0,91.552,90.181,89.933,2023,Saudi Arabian Grand Prix
ZHO,Alfa Romeo,89.654,89.461,,89.461,27.02375,31.666249999999998,44.7375,0.0,91.986,90.837,89.917,2023,Saudi Arabian Grand Prix
MAG,Haas F1 Team,89.744,89.634,,89.634,27.02375,31.666249999999998,44.7375,0.0,91.566,90.82,90.131,2023,Saudi Arabian Grand Prix
BOT,Alfa Romeo,89.929,89.668,,89.668,27.02375,31.666249999999998,44.7375,0.0,91.97,91.052,90.317,2023,Saudi Arabian Grand Prix
VER,Red Bull Racing,88.761,109.953,,88.761,27.02375,31.666249999999998,44.7375,0.0,89.617,89.603,88.485,2023,Saudi Arabian Grand Prix
TSU,AlphaTauri,89.939,,,89.939,27.02375,31.666249999999998,44.7375,0.0,91.11,90.776,90.797,2023,Saudi Arabian Grand Prix
ALB,Williams,89.994,,,89.994,27.02375,31.666249999999998,44.7375,0.0,91.03,90.81,89.983,2023,Saudi Arabian Grand Prix
DEV,AlphaTauri,90.244,,,90.244,27.02375,31.666249999999998,44.7375,0.0,91.45,90.921,,2023,Saudi Arabian Grand Prix
NOR,McLaren,90.447,,,90.447,27.02375,31.666249999999998,44.7375,0.0,92.149,90.721,89.69,2023,Saudi Arabian Grand Prix
SAR,Williams,128.51,,,128.51,27.02375,31.666249999999998,44.7375,0.0,91.922,90.959,90.035,2023,Saudi Arabian Grand Prix
VER,Red Bull Racing,77.384,77.056,76.732,76.732,15.20421052631579,22.71263157894737,53.4,0.042105263157894736,78.79,79.502,77.565,2023,Australian Grand Prix
RUS,Mercedes,77.654,77.513,76.968,76.968,15.20421052631579,22.71263157894737,53.4,0.042105263157894736,79.699,79.672,77.955,2023,Australian Grand Prix
HAM,Mercedes,77.689,77.551,77.104,77.104,15.20421052631579,22.71263157894737,53.4,0.042105263157894736,79.223,80.323,78.138,2023,Australian Grand Prix
ALO,Aston Martin,77.832,77.283,77.139,77.139,15.20421052631579,22.71263157894737,53.4,0.042105263157894736,79.317,78.887,77.727,2023,Australian Grand Prix
SAI,Ferrari,77.928,77.349,77.27,77.27,15.20421052631579,22.71263157894737,53.4,0.042105263157894736,79.505,79.695,78.127,2023,Australian Grand Prix
STR,Aston Martin,77.873,77.616,77.308,77.308,15.20421052631579,22.71263157894737,53.4,0.042105263157894736,79.766,80.579,78.198,2023,Australian Grand Prix
LEC,Ferrari,78.218,77.39,77.369,77.369,15.20421052631579,22.71263157894737,53.4,0.042105263157894736,79.378,79.332,78.691,2023,Australian Grand Prix
ALB,Williams,77.962,77.761,77.609,77.609,15.20421052631579,22.71263157894737,53.4,0.042105263157894736,79.766,81.182,78.553,2023,Australian Grand Prix
GAS,Alpine,78.312,77.574,77.675,77.574,15.20421052631579,22.71263157894737,53.4,0.042105263157894736,79.646,80.206,78.094,2023,Australian Grand Prix
HUL,Haas F1 Team,78.029,77.412,77.735,77.412,15.20421052631579,22.71263157894737,53.4,0.042105263157894736,79.806,80.194,78.41,2023,Australian Grand Prix
OCO,Alpine,77.77,77.768,,77.768,15.20421052631579,22.71263157894737,53.4,0.042105263157894736,80.175,79.725,77.938,2023,Australian Grand Prix
TSU,AlphaTauri,78.471,78.099,,78.099,15.20421052631579,22.71263157894737,53.4,0.042105263157894736,80.399,80.22,78.901,2023,Australian Grand Prix
NOR,McLaren,78.243,78.119,,78.119,15.20421052631579,22.71263157894737,53.4,0.042105263157894736,79.536,80.176,79.146,2023,Australian Grand Prix
MAG,Haas F1 Team,78.159,78.129,,78.129,15.20421052631579,22.71263157894737,53.4,0.042105263157894736,81.147,81.266,79.056,2023,Australian Grand Prix
DEV,AlphaTauri,78.45,78.335,,78.335,15.20421052631579,22.71263157894737,53.4,0.042105263157894736,79.933,80.6,79.092,2023,Australian Grand Prix
PIA,McLaren,78.517,,,78.517,15.20421052631579,22.71263157894737,53.4,0.042105263157894736,79.777,80.38,78.713,2023,Australian Grand Prix
ZHO,Alfa Romeo,78.54,,,78.54,15.20421052631579,22.71263157894737,53.4,0.042105263157894736,80.569,80.47,78.33,2023,Australian Grand Prix
SAR,Williams,78.557,,,78.557,15.20421052631579,22.71263157894737,53.4,0.042105263157894736,80.074,,78.947,2023,Australian Grand Prix
BOT,Alfa Romeo,78.714,,,78.714,15.20421052631579,22.71263157894737,53.4,0.042105263157894736,80.419,80.312,78.809,2023,Australian Grand Prix
PER,Red Bull Racing,,,,,15.20421052631579,22.71263157894737,53.4,0.042105263157894736,79.293,80.083,78.123,2023,Australian Grand Prix
LEC,Ferrari,101.269,101.037,100.203,100.203,19.461320754716983,33.08584905660377,80.62264150943396,0.0,102.352,,,2023,Azerbaijan Grand Prix
VER,Red Bull Racing,101.398,100.822,100.391,100.391,19.461320754716983,33.08584905660377,80.62264150943396,0.0,102.315,,,2023,Azerbaijan Grand Prix
PER,Red Bull Racing,101.756,101.131,100.495,100.495,19.461320754716983,33.08584905660377,80.62264150943396,0.0,102.454,,,2023,Azerbaijan Grand Prix
SAI,Ferrari,102.197,101.369,101.016,101.016,19.461320754716983,33.08584905660377,80.62264150943396,0.0,102.899,,,2023,Azerbaijan Grand Prix
HAM,Mercedes,102.113,101.65,101.177,101.177,19.461320754716983,33.08584905660377,80.62264150943396,0.0,103.798,,,2023,Azerbaijan Grand Prix
ALO,Aston Martin,101.72,101.37,101.253,101.253,19.461320754716983,33.08584905660377,80.62264150943396,0.0,103.56,,,2023,Azerbaijan Grand Prix
NOR,McLaren,102.154,101.485,101.281,101.281,19.461320754716983,33.08584905660377,80.62264150943396,0.0,103.125,,,2023,Azerbaijan Grand Prix
TSU,AlphaTauri,102.234,101.569,101.581,101.569,19.461320754716983,33.08584905660377,80.62264150943396,0.0,104.137,,,2023,Azerbaijan Grand Prix
STR,Aston Martin,102.524,101.576,101.611,101.576,19.461320754716983,33.08584905660377,80.62264150943396,0.0,103.455,,,2023,Azerbaijan Grand Prix
PIA,McLaren,102.455,101.636,101.611,101.611,19.461320754716983,33.08584905660377,80.62264150943396,0.0,103.98,,,2023,Azerbaijan Grand Prix
RUS,Mercedes,102.073,101.654,,101.654,19.461320754716983,33.08584905660377,80.62264150943396,0.0,105.082,,,2023,Azerbaijan Grand Prix
OCO,Alpine,102.622,101.798,,101.798,19.461320754716983,33.08584905660377,80.62264150943396,0.0,105.955,,,2023,Azerbaijan Grand Prix
ALB,Williams,102.171,101.818,,101.818,19.461320754716983,33.08584905660377,80.62264150943396,0.0,103.628,,,2023,Azerbaijan Grand Prix
BOT,Alfa Romeo,102.582,102.259,,102.259,19.461320754716983,33.08584905660377,80.62264150943396,0.0,104.01,,,2023,Azerbaijan Grand Prix
SAR,Williams,102.242,102.395,,102.242,19.461320754716983,33.08584905660377,80.62264150943396,0.0,104.9,,,2023,Azerbaijan Grand Prix
ZHO,Alfa Romeo,102.642,,,102.642,19.461320754716983,33.08584905660377,80.62264150943396,0.0,103.748,,,2023,Azerbaijan Grand Prix
HUL,Haas F1 Team,102.755,,,102.755,19.461320754716983,33.08584905660377,80.62264150943396,0.0,104.323,,,2023,Azerbaijan Grand Prix
MAG,Haas F1 Team,103.417,,,103.417,19.461320754716983,33.08584905660377,80.62264150943396,0.0,107.498,,,2023,Azerbaijan Grand Prix
GAS,Alpine,104.853,,,104.853,19.461320754716983,33.08584905660377,80.62264150943396,0.0,106.321,,,2023,Azerbaijan Grand Prix
DEV,AlphaTauri,115.282,,,115.282,19.461320754716983,33.08584905660377,80.62264150943396,0.0,103.414,,,2023,Azerbaijan Grand Prix
PER,Red Bull Racing,87.713,87.328,86.841,86.841,28.64482758620689,43.26666666666666,59.206896551724135,0.0,91.566,88.419,88.05,2023,Miami Grand Prix
ALO,Aston Martin,88.179,87.097,87.202,87.097,28.64482758620689,43.26666666666666,59.206896551724135,0.0,91.231,88.66,88.618,2023,Miami Grand Prix
SAI,Ferrari,87.686,87.148,87.349,87.148,28.64482758620689,43.26666666666666,59.206896551724135,0.0,90.724,88.315,88.125,2023,Miami Grand Prix
MAG,Haas F1 Team,87.809,87.673,87.767,87.673,28.64482758620689,43.26666666666666,59.206896551724135,0.0,91.853,89.171,88.607,2023,Miami Grand Prix
GAS,Alpine,88.061,87.612,87.786,87.612,28.64482758620689,43.26666666666666,59.206896551724135,0.0,91.104,89.098,88.428,2023,Miami Grand Prix
RUS,Mercedes,88.086,87.743,87.804,87.743,28.64482758620689,43.26666666666666,59.206896551724135,0.0,90.125,89.216,88.606,2023,Miami Grand Prix
LEC,Ferrari,87.713,86.964,87.861,86.964,28.64482758620689,43.26666666666666,59.206896551724135,0.0,90.449,88.398,87.941,2023,Miami Grand Prix
OCO,Alpine,87.872,87.444,87.935,87.444,28.64482758620689,43.26666666666666,59.206896551724135,0.0,91.542,88.937,88.407,2023,Miami Grand Prix
VER,Red Bull Racing,87.363,86.814,,86.814,28.64482758620689,43.26666666666666,59.206896551724135,0.0,90.549,87.93,87.535,2023,Miami Grand Prix
BOT,Alfa Romeo,87.864,87.564,,87.564,28.64482758620689,43.26666666666666,59.206896551724135,0.0,91.902,89.189,88.456,2023,Miami Grand Prix
ALB,Williams,88.234,87.795,,87.795,28.64482758620689,43.26666666666666,59.206896551724135,0.0,91.903,89.046,88.561,2023,Miami Grand Prix
HUL,Haas F1 Team,87.945,87.903,,87.903,28.64482758620689,43.26666666666666,59.206896551724135,0.0,91.392,89.393,88.497,2023,Miami Grand Prix
HAM,Mercedes,87.846,87.975,,87.846,28.64482758620689,43.26666666666666,59.206896551724135,0.0,90.337,88.858,88.718,2023,Miami Grand Prix
ZHO,Alfa Romeo,88.18,88.091,,88.091,28.64482758620689,43.26666666666666,59.206896551724135,0.0,92.134,89.181,89.074,2023,Miami Grand Prix
DEV,AlphaTauri,88.325,88.395,,88.325,28.64482758620689,43.26666666666666,59.206896551724135,0.0,94.637,89.928,89.447,2023,Miami Grand Prix
NOR,McLaren,88.394,,,88.394,28.64482758620689,43.26666666666666,59.206896551724135,0.0,91.997,88.741,89.401,2023,Miami Grand Prix
TSU,AlphaTauri,88.429,,,88.429,28.64482758620689,43.26666666666666,59.206896551724135,0.0,92.169,89.613,89.179,2023,Miami Grand Prix
STR,Aston Martin,88.476,,,88.476,28.64482758620689,43.26666666666666,59.206896551724135,0.0,91.337,88.93,88.723,2023,Miami Grand Prix
PIA,McLaren,88.484,,,88.484,28.64482758620689,43.26666666666666,59.206896551724135,0.0,91.81,89.339,89.375,2023,Miami Grand Prix
SAR,Williams,88.577,,,88.577,28.64482758620689,43.26666666666666,59.206896551724135,0.0,92.619,90.038,89.264,2023,Miami Grand Prix
VER,Red Bull Racing,72.386,71.908,71.365,71.365,25.586046511627902,46.495348837209306,34.66279069767442,0.0,74.244,72.462,72.776,2023,Monaco Grand Prix
ALO,Aston Martin,72.886,72.107,71.449,71.449,25.586046511627902,46.495348837209306,34.66279069767442,0.0,73.71,72.682,73.697,2023,Monaco Grand Prix
LEC,Ferrari,72.912,72.103,71.471,71.471,25.586046511627902,46.495348837209306,34.66279069767442,0.0,74.093,72.527,73.475,2023,Monaco Grand Prix
OCO,Alpine,72.967,72.248,71.553,71.553,25.586046511627902,46.495348837209306,34.66279069767442,0.0,74.585,73.162,73.496,2023,Monaco Grand Prix
SAI,Ferrari,72.717,72.21,71.63,71.63,25.586046511627902,46.495348837209306,34.66279069767442,0.0,73.372,72.569,73.261,2023,Monaco Grand Prix
HAM,Mercedes,72.872,72.156,71.725,71.725,25.586046511627902,46.495348837209306,34.66279069767442,0.0,74.035,72.96,73.486,2023,Monaco Grand Prix
GAS,Alpine,73.033,72.169,71.933,71.933,25.586046511627902,46.495348837209306,34.66279069767442,0.0,74.866,73.089,73.453,2023,Monaco Grand Prix
RUS,Mercedes,72.769,72.151,71.964,71.964,25.586046511627902,46.495348837209306,34.66279069767442,0.0,75.066,73.191,73.59,2023,Monaco Grand Prix
TSU,AlphaTauri,72.642,72.249,72.082,72.082,25.586046511627902,46.495348837209306,34.66279069767442,0.0,74.82,73.641,73.738,2023,Monaco Grand Prix
NOR,McLaren,72.877,72.377,72.254,72.254,25.586046511627902,46.495348837209306,34.66279069767442,0.0,74.467,72.906,73.396,2023,Monaco Grand Prix
PIA,McLaren,73.006,72.395,,72.395,25.586046511627902,46.495348837209306,34.66279069767442,0.0,75.192,73.673,73.998,2023,Monaco Grand Prix
DEV,AlphaTauri,73.054,72.428,,72.428,25.586046511627902,46.495348837209306,34.66279069767442,0.0,75.083,73.663,74.187,2023,Monaco Grand Prix
ALB,Williams,72.706,72.527,,72.527,25.586046511627902,46.495348837209306,34.66279069767442,0.0,74.666,74.217,73.93,2023,Monaco Grand Prix
STR,Aston Martin,72.722,72.623,,72.623,25.586046511627902,46.495348837209306,34.66279069767442,0.0,74.653,73.185,72.942,2023,Monaco Grand Prix
BOT,Alfa Romeo,73.038,72.625,,72.625,25.586046511627902,46.495348837209306,34.66279069767442,0.0,74.718,73.05,73.521,2023,Monaco Grand Prix
SAR,Williams,73.113,,,73.113,25.586046511627902,46.495348837209306,34.66279069767442,0.0,75.557,74.238,73.851,2023,Monaco Grand Prix
MAG,Haas F1 Team,73.27,,,73.27,25.586046511627902,46.495348837209306,34.66279069767442,0.0,74.725,73.457,73.624,2023,Monaco Grand Prix
HUL,Haas F1 Team,73.279,,,73.279,25.586046511627902,46.495348837209306,34.66279069767442,0.0,75.785,73.52,73.65,2023,Monaco Grand Prix
ZHO,Alfa Romeo,73.523,,,73.523,25.586046511627902,46.495348837209306,34.66279069767442,0.0,75.684,73.354,73.772,2023,Monaco Grand Prix
PER,Red Bull Racing,73.85,,,73.85,25.586046511627902,46.495348837209306,34.66279069767442,0.0,74.038,72.991,72.849,2023,Monaco Grand Prix
VER,Red Bull Racing,73.615,72.76,72.272,72.272,20.853409090909093,24.940909090909088,71.94318181818181,0.20454545454545456,74.606,73.907,73.664,2023,Spanish Grand Prix
SAI,Ferrari,73.411,72.79,72.734,72.734,20.853409090909093,24.940909090909088,71.94318181818181,0.20454545454545456,75.726,74.274,74.24,2023,Spanish Grand Prix
NOR,McLaren,73.295,72.776,72.792,72.776,20.853409090909093,24.940909090909088,71.94318181818181,0.20454545454545456,75.783,74.694,74.681,2023,Spanish Grand Prix
GAS,Alpine,73.471,73.186,72.816,72.816,20.853409090909093,24.940909090909088,71.94318181818181,0.20454545454545456,75.545,74.457,75.841,2023,Spanish Grand Prix
HAM,Mercedes,72.937,72.999,72.818,72.818,20.853409090909093,24.940909090909088,71.94318181818181,0.20454545454545456,75.845,74.549,74.072,2023,Spanish Grand Prix
STR,Aston Martin,73.766,73.082,72.994,72.994,20.853409090909093,24.940909090909088,71.94318181818181,0.20454545454545456,75.939,75.01,74.756,2023,Spanish Grand Prix
OCO,Alpine,73.433,73.001,73.083,73.001,20.853409090909093,24.940909090909088,71.94318181818181,0.20454545454545456,75.418,74.242,75.266,2023,Spanish Grand Prix
HUL,Haas F1 Team,73.42,73.283,73.229,73.229,20.853409090909093,24.940909090909088,71.94318181818181,0.20454545454545456,76.461,74.177,74.988,2023,Spanish Grand Prix
ALO,Aston Martin,73.747,73.098,73.507,73.098,20.853409090909093,24.940909090909088,71.94318181818181,0.20454545454545456,75.547,74.077,74.264,2023,Spanish Grand Prix
PIA,McLaren,73.691,73.059,73.682,73.059,20.853409090909093,24.940909090909088,71.94318181818181,0.20454545454545456,76.353,74.583,75.105,2023,Spanish Grand Prix
PER,Red Bull Racing,73.874,73.334,,73.334,20.853409090909093,24.940909090909088,71.94318181818181,0.20454545454545456,75.374,74.219,73.914,2023,Spanish Grand Prix
RUS,Mercedes,73.326,73.447,,73.326,20.853409090909093,24.940909090909088,71.94318181818181,0.20454545454545456,75.753,74.392,74.278,2023,Spanish Grand Prix
ZHO,Alfa Romeo,73.677,73.521,,73.521,20.853409090909093,24.940909090909088,71.94318181818181,0.20454545454545456,75.906,74.585,74.681,2023,Spanish Grand Prix
DEV,AlphaTauri,73.581,74.083,,73.581,20.853409090909093,24.940909090909088,71.94318181818181,0.20454545454545456,75.504,74.785,74.693,2023,Spanish Grand Prix
TSU,AlphaTauri,73.862,74.477,,73.862,20.853409090909093,24.940909090909088,71.94318181818181,0.20454545454545456,75.915,74.84,74.659,2023,Spanish Grand Prix
BOT,Alfa Romeo,73.977,,,73.977,20.853409090909093,24.940909090909088,71.94318181818181,0.20454545454545456,75.978,74.448,74.36,2023,Spanish Grand Prix
MAG,Haas F1 Team,74.042,,,74.042,20.853409090909093,24.940909090909088,71.94318181818181,0.20454545454545456,75.689,74.713,75.534,2023,Spanish Grand Prix
ALB,Williams,74.063,,,74.063,20.853409090909093,24.940909090909088,71.94318181818181,0.20454545454545456,76.63,75.056,75.851,2023,Spanish Grand Prix
LEC,Ferrari,74.079,,,74.079,20.853409090909093,24.940909090909088,71.94318181818181,0.20454545454545456,75.694,74.246,74.353,2023,Spanish Grand Prix
SAR,Williams,74.699,,,74.699,20.853409090909093,24.940909090909088,71.94318181818181,0.20454545454545456,76.506,75.415,76.529,2023,Spanish Grand Prix
VER,Red Bull Racing,80.851,79.092,85.858,79.092,16.46629213483146,18.4561797752809,87.71910112359551,0.33707865168539325,80.231,74.142,83.106,2023,Canadian Grand Prix
HUL,Haas F1 Team,82.73,80.305,87.102,80.305,16.46629213483146,18.4561797752809,87.71910112359551,0.33707865168539325,84.336,76.369,85.14,2023,Canadian Grand Prix
ALO,Aston Martin,81.481,79.776,87.286,79.776,16.46629213483146,18.4561797752809,87.71910112359551,0.33707865168539325,79.807,74.044,84.483,2023,Canadian Grand Prix
HAM,Mercedes,81.554,80.426,87.627,80.426,16.46629213483146,18.4561797752809,87.71910112359551,0.33707865168539325,,73.718,85.087,2023,Canadian Grand Prix
RUS,Mercedes,81.798,80.098,87.893,80.098,16.46629213483146,18.4561797752809,87.71910112359551,0.33707865168539325,,73.745,85.435,2023,Canadian Grand Prix
OCO,Alpine,82.114,80.406,87.945,80.406,16.46629213483146,18.4561797752809,87.71910112359551,0.33707865168539325,,75.092,86.84,2023,Canadian Grand Prix
NOR,McLaren,81.998,79.347,88.046,79.347,16.46629213483146,18.4561797752809,87.71910112359551,0.33707865168539325,126.349,74.617,85.198,2023,Canadian Grand Prix
SAI,Ferrari,82.248,79.856,89.294,79.856,16.46629213483146,18.4561797752809,87.71910112359551,0.33707865168539325,85.991,73.844,84.765,2023,Canadian Grand Prix
PIA,McLaren,82.19,79.659,91.349,79.659,16.46629213483146,18.4561797752809,87.71910112359551,0.33707865168539325,81.496,74.533,85.191,2023,Canadian Grand Prix
ALB,Williams,81.938,78.725,,78.725,16.46629213483146,18.4561797752809,87.71910112359551,0.33707865168539325,,75.003,85.379,2023,Canadian Grand Prix
LEC,Ferrari,81.843,80.615,,80.615,16.46629213483146,18.4561797752809,87.71910112359551,0.33707865168539325,86.809,74.094,83.397,2023,Canadian Grand Prix
PER,Red Bull Racing,82.151,80.959,,80.959,16.46629213483146,18.4561797752809,87.71910112359551,0.33707865168539325,80.154,74.25,85.857,2023,Canadian Grand Prix
STR,Aston Martin,82.677,81.484,,81.484,16.46629213483146,18.4561797752809,87.71910112359551,0.33707865168539325,79.175,74.419,84.944,2023,Canadian Grand Prix
MAG,Haas F1 Team,82.351,81.678,,81.678,16.46629213483146,18.4561797752809,87.71910112359551,0.33707865168539325,84.045,74.544,84.715,2023,Canadian Grand Prix
BOT,Alfa Romeo,82.332,81.821,,81.821,16.46629213483146,18.4561797752809,87.71910112359551,0.33707865168539325,78.728,74.22,84.988,2023,Canadian Grand Prix
TSU,AlphaTauri,82.746,,,82.746,16.46629213483146,18.4561797752809,87.71910112359551,0.33707865168539325,114.143,74.941,84.955,2023,Canadian Grand Prix
GAS,Alpine,82.886,,,82.886,16.46629213483146,18.4561797752809,87.71910112359551,0.33707865168539325,,74.477,84.825,2023,Canadian Grand Prix
DEV,AlphaTauri,83.137,,,83.137,16.46629213483146,18.4561797752809,87.71910112359551,0.33707865168539325,92.274,75.002,85.725,2023,Canadian Grand Prix
SAR,Williams,83.337,,,83.337,16.46629213483146,18.4561797752809,87.71910112359551,0.33707865168539325,109.568,75.426,87.279,2023,Canadian Grand Prix
ZHO,Alfa Romeo,83.342,,,83.342,16.46629213483146,18.4561797752809,87.71910112359551,0.33707865168539325,84.961,74.811,86.75,2023,Canadian Grand Prix
VER,Red Bull Racing,65.116,64.951,64.391,64.391,26.70000000000001,39.60941176470588,41.576470588235296,0.0,65.742,,,2023,Austrian Grand Prix
LEC,Ferrari,65.577,65.087,64.439,64.439,26.70000000000001,39.60941176470588,41.576470588235296,0.0,66.012,,,2023,Austrian Grand Prix
SAI,Ferrari,65.339,64.975,64.581,64.581,26.70000000000001,39.60941176470588,41.576470588235296,0.0,65.983,,,2023,Austrian Grand Prix
NOR,McLaren,65.617,65.038,64.658,64.658,26.70000000000001,39.60941176470588,41.576470588235296,0.0,67.368,,,2023,Austrian Grand Prix
HAM,Mercedes,65.673,65.188,64.819,64.819,26.70000000000001,39.60941176470588,41.576470588235296,0.0,66.251,,,2023,Austrian Grand Prix
STR,Aston Martin,65.71,65.121,64.893,64.893,26.70000000000001,39.60941176470588,41.576470588235296,0.0,66.34,,,2023,Austrian Grand Prix
ALO,Aston Martin,65.655,65.181,64.911,64.911,26.70000000000001,39.60941176470588,41.576470588235296,0.0,66.656,,,2023,Austrian Grand Prix
HUL,Haas F1 Team,65.74,65.362,65.09,65.09,26.70000000000001,39.60941176470588,41.576470588235296,0.0,66.846,,,2023,Austrian Grand Prix
GAS,Alpine,65.515,65.308,65.17,65.17,26.70000000000001,39.60941176470588,41.576470588235296,0.0,67.287,,,2023,Austrian Grand Prix
ALB,Williams,65.673,65.387,65.823,65.387,26.70000000000001,39.60941176470588,41.576470588235296,0.0,66.794,,,2023,Austrian Grand Prix
RUS,Mercedes,65.686,65.428,,65.428,26.70000000000001,39.60941176470588,41.576470588235296,0.0,66.696,,,2023,Austrian Grand Prix
OCO,Alpine,65.729,65.453,,65.453,26.70000000000001,39.60941176470588,41.576470588235296,0.0,67.202,,,2023,Austrian Grand Prix
PIA,McLaren,65.683,65.605,,65.605,26.70000000000001,39.60941176470588,41.576470588235296,0.0,66.809,,,2023,Austrian Grand Prix
BOT,Alfa Romeo,65.763,65.68,,65.68,26.70000000000001,39.60941176470588,41.576470588235296,0.0,66.847,,,2023,Austrian Grand Prix
PER,Red Bull Racing,65.177,126.688,,65.177,26.70000000000001,39.60941176470588,41.576470588235296,0.0,66.262,,,2023,Austrian Grand Prix
TSU,AlphaTauri,65.784,,,65.784,26.70000000000001,39.60941176470588,41.576470588235296,0.0,66.985,,,2023,Austrian Grand Prix
ZHO,Alfa Romeo,65.818,,,65.818,26.70000000000001,39.60941176470588,41.576470588235296,0.0,66.78,,,2023,Austrian Grand Prix
SAR,Williams,65.948,,,65.948,26.70000000000001,39.60941176470588,41.576470588235296,0.0,67.018,,,2023,Austrian Grand Prix
MAG,Haas F1 Team,65.971,,,65.971,26.70000000000001,39.60941176470588,41.576470588235296,0.0,66.497,,,2023,Austrian Grand Prix
DEV,AlphaTauri,65.974,,,65.974,26.70000000000001,39.60941176470588,41.576470588235296,0.0,67.017,,,2023,Austrian Grand Prix
VER,Red Bull Racing,89.428,87.702,86.72,86.72,21.29787234042553,22.926595744680856,78.3936170212766,0.23404255319148937,88.6,88.078,88.266,2023,British Grand Prix
NOR,McLaren,88.917,88.042,86.961,86.961,21.29787234042553,22.926595744680856,78.3936170212766,0.23404255319148937,89.441,89.26,88.563,2023,British Grand Prix
PIA,McLaren,89.874,87.845,87.092,87.092,21.29787234042553,22.926595744680856,78.3936170212766,0.23404255319148937,89.658,88.926,89.437,2023,British Grand Prix
LEC,Ferrari,89.143,88.361,87.136,87.136,21.29787234042553,22.926595744680856,78.3936170212766,0.23404255319148937,89.28,,87.419,2023,British Grand Prix
SAI,Ferrari,89.865,88.265,87.148,87.148,21.29787234042553,22.926595744680856,78.3936170212766,0.23404255319148937,89.357,88.1,87.964,2023,British Grand Prix
RUS,Mercedes,89.412,88.782,87.155,87.155,21.29787234042553,22.926595744680856,78.3936170212766,0.23404255319148937,89.874,89.238,88.284,2023,British Grand Prix
HAM,Mercedes,89.415,88.545,87.211,87.211,21.29787234042553,22.926595744680856,78.3936170212766,0.23404255319148937,89.768,89.283,87.948,2023,British Grand Prix
ALB,Williams,89.466,88.067,87.53,87.53,21.29787234042553,22.926595744680856,78.3936170212766,0.23404255319148937,89.089,88.296,87.592,2023,British Grand Prix
ALO,Aston Martin,89.949,88.368,87.659,87.659,21.29787234042553,22.926595744680856,78.3936170212766,0.23404255319148937,89.268,89.134,87.784,2023,British Grand Prix
GAS,Alpine,89.533,88.751,87.689,87.689,21.29787234042553,22.926595744680856,78.3936170212766,0.23404255319148937,89.828,88.889,87.893,2023,British Grand Prix
HUL,Haas F1 Team,89.603,88.896,,88.896,21.29787234042553,22.926595744680856,78.3936170212766,0.23404255319148937,90.591,88.88,93.59,2023,British Grand Prix
STR,Aston Martin,89.448,88.935,,88.935,21.29787234042553,22.926595744680856,78.3936170212766,0.23404255319148937,89.471,88.866,88.62,2023,British Grand Prix
OCO,Alpine,89.7,88.956,,88.956,21.29787234042553,22.926595744680856,78.3936170212766,0.23404255319148937,89.319,89.242,89.233,2023,British Grand Prix
SAR,Williams,89.873,89.031,,89.031,21.29787234042553,22.926595744680856,78.3936170212766,0.23404255319148937,90.124,88.766,88.151,2023,British Grand Prix
BOT,Alfa Romeo,89.798,,,89.798,21.29787234042553,22.926595744680856,78.3936170212766,0.23404255319148937,90.09,89.378,89.586,2023,British Grand Prix
PER,Red Bull Racing,89.968,,,89.968,21.29787234042553,22.926595744680856,78.3936170212766,0.23404255319148937,89.048,88.342,88.904,2023,British Grand Prix
TSU,AlphaTauri,90.025,,,90.025,21.29787234042553,22.926595744680856,78.3936170212766,0.23404255319148937,90.092,89.483,88.337,2023,British Grand Prix
ZHO,Alfa Romeo,90.123,,,90.123,21.29787234042553,22.926595744680856,78.3936170212766,0.23404255319148937,90.321,89.225,113.169,2023,British Grand Prix
DEV,AlphaTauri,90.513,,,90.513,21.29787234042553,22.926595744680856,78.3936170212766,0.23404255319148937,89.691,89.571,88.504,2023,British Grand Prix
MAG,Haas F1 Team,92.378,,,92.378,21.29787234042553,22.926595744680856,78.3936170212766,0.23404255319148937,90.385,89.439,89.207,2023,British Grand Prix
HAM,Mercedes,78.577,77.427,76.609,76.609,26.258974358974363,43.86282051282052,34.5,0.0,,78.746,77.811,2023,Hungarian Grand Prix
VER,Red Bull Racing,78.318,77.547,76.612,76.612,26.258974358974363,43.86282051282052,34.5,0.0,,78.279,78.061,2023,Hungarian Grand Prix
NOR,McLaren,78.697,77.328,76.694,76.694,26.258974358974363,43.86282051282052,34.5,0.0,100.277,77.701,78.082,2023,Hungarian Grand Prix
PIA,McLaren,78.464,77.571,76.905,76.905,26.258974358974363,43.86282051282052,34.5,0.0,99.154,79.117,78.598,2023,Hungarian Grand Prix
ZHO,Alfa Romeo,78.143,77.7,76.971,76.971,26.258974358974363,43.86282051282052,34.5,0.0,101.363,78.108,78.544,2023,Hungarian Grand Prix
LEC,Ferrari,78.44,77.58,76.992,76.992,26.258974358974363,43.86282051282052,34.5,0.0,101.142,77.686,78.19,2023,Hungarian Grand Prix
BOT,Alfa Romeo,78.775,77.563,77.034,77.034,26.258974358974363,43.86282051282052,34.5,0.0,101.032,78.085,78.489,2023,Hungarian Grand Prix
ALO,Aston Martin,78.58,77.701,77.035,77.035,26.258974358974363,43.86282051282052,34.5,0.0,100.687,78.105,78.35,2023,Hungarian Grand Prix
PER,Red Bull Racing,78.36,77.675,77.045,77.045,26.258974358974363,43.86282051282052,34.5,0.0,,78.978,78.067,2023,Hungarian Grand Prix
HUL,Haas F1 Team,78.695,77.652,77.186,77.186,26.258974358974363,43.86282051282052,34.5,0.0,102.706,78.058,78.077,2023,Hungarian Grand Prix
SAI,Ferrari,78.393,77.703,,77.703,26.258974358974363,43.86282051282052,34.5,0.0,108.101,78.182,78.234,2023,Hungarian Grand Prix
OCO,Alpine,78.854,77.841,,77.841,26.258974358974363,43.86282051282052,34.5,0.0,118.64,78.045,78.979,2023,Hungarian Grand Prix
RIC,AlphaTauri,78.906,78.002,,78.002,26.258974358974363,43.86282051282052,34.5,0.0,117.546,78.385,78.828,2023,Hungarian Grand Prix
STR,Aston Martin,78.782,78.144,,78.144,26.258974358974363,43.86282051282052,34.5,0.0,100.013,78.319,78.536,2023,Hungarian Grand Prix
GAS,Alpine,78.743,78.217,,78.217,26.258974358974363,43.86282051282052,34.5,0.0,,77.918,78.776,2023,Hungarian Grand Prix
ALB,Williams,78.917,,,78.917,26.258974358974363,43.86282051282052,34.5,0.0,104.854,78.377,78.592,2023,Hungarian Grand Prix
TSU,AlphaTauri,78.919,,,78.919,26.258974358974363,43.86282051282052,34.5,0.0,105.575,77.934,79.156,2023,Hungarian Grand Prix
RUS,Mercedes,79.027,,,79.027,26.258974358974363,43.86282051282052,34.5,0.0,98.795,79.175,78.119,2023,Hungarian Grand Prix
MAG,Haas F1 Team,79.206,,,79.206,26.258974358974363,43.86282051282052,34.5,0.0,102.906,78.504,78.649,2023,Hungarian Grand Prix
SAR,Williams,79.248,,,79.248,26.258974358974363,43.86282051282052,34.5,0.0,101.416,78.836,78.814,2023,Hungarian Grand Prix
VER,Red Bull Racing,118.515,112.784,106.168,106.168,19.25157894736842,23.644210526315778,88.67368421052632,0.010526315789473684,,,,2023,Belgian Grand Prix
LEC,Ferrari,118.3,112.017,106.988,106.988,19.25157894736842,23.644210526315778,88.67368421052632,0.010526315789473684,128.148,,,2023,Belgian Grand Prix
PER,Red Bull Racing,118.899,112.353,107.045,107.045,19.25157894736842,23.644210526315778,88.67368421052632,0.010526315789473684,128.24,,,2023,Belgian Grand Prix
HAM,Mercedes,118.563,112.345,107.087,107.087,19.25157894736842,23.644210526315778,88.67368421052632,0.010526315789473684,130.299,,,2023,Belgian Grand Prix
SAI,Ferrari,118.688,111.711,107.152,107.152,19.25157894736842,23.644210526315778,88.67368421052632,0.010526315789473684,123.207,,,2023,Belgian Grand Prix
PIA,McLaren,118.872,111.534,107.365,107.365,19.25157894736842,23.644210526315778,88.67368421052632,0.010526315789473684,123.792,,,2023,Belgian Grand Prix
NOR,McLaren,119.981,112.252,107.669,107.669,19.25157894736842,23.644210526315778,88.67368421052632,0.010526315789473684,124.484,,,2023,Belgian Grand Prix
RUS,Mercedes,119.035,112.605,107.805,107.805,19.25157894736842,23.644210526315778,88.67368421052632,0.010526315789473684,130.475,,,2023,Belgian Grand Prix
ALO,Aston Martin,118.834,112.751,107.843,107.843,19.25157894736842,23.644210526315778,88.67368421052632,0.010526315789473684,130.283,,,2023,Belgian Grand Prix
STR,Aston Martin,119.663,112.193,108.841,108.841,19.25157894736842,23.644210526315778,88.67368421052632,0.010526315789473684,141.946,,,2023,Belgian Grand Prix
TSU,AlphaTauri,119.044,113.148,,113.148,19.25157894736842,23.644210526315778,88.67368421052632,0.010526315789473684,129.067,,,2023,Belgian Grand Prix
GAS,Alpine,119.511,113.671,,113.671,19.25157894736842,23.644210526315778,88.67368421052632,0.010526315789473684,,,,2023,Belgian Grand Prix
MAG,Haas F1 Team,120.02,114.16,,114.16,19.25157894736842,23.644210526315778,88.67368421052632,0.010526315789473684,129.229,,,2023,Belgian Grand Prix
BOT,Alfa Romeo,119.484,114.694,,114.694,19.25157894736842,23.644210526315778,88.67368421052632,0.010526315789473684,132.085,,,2023,Belgian Grand Prix
OCO,Alpine,119.634,116.372,,116.372,19.25157894736842,23.644210526315778,88.67368421052632,0.010526315789473684,136.018,,,2023,Belgian Grand Prix
ALB,Williams,120.314,,,120.314,19.25157894736842,23.644210526315778,88.67368421052632,0.010526315789473684,128.394,,,2023,Belgian Grand Prix
ZHO,Alfa Romeo,120.832,,,120.832,19.25157894736842,23.644210526315778,88.67368421052632,0.010526315789473684,134.002,,,2023,Belgian Grand Prix
SAR,Williams,121.535,,,121.535,19.25157894736842,23.644210526315778,88.67368421052632,0.010526315789473684,136.417,,,2023,Belgian Grand Prix
RIC,AlphaTauri,122.159,,,122.159,19.25157894736842,23.644210526315778,88.67368421052632,0.010526315789473684,129.319,,,2023,Belgian Grand Prix
HUL,Haas F1 Team,123.166,,,123.166,19.25157894736842,23.644210526315778,88.67368421052632,0.010526315789473684,130.042,,,2023,Belgian Grand Prix
VER,Red Bull Racing,80.965,78.856,70.567,70.567,17.963,22.432,77.91,0.15,71.852,71.353,81.631,2023,Dutch Grand Prix
NOR,McLaren,81.276,79.769,71.104,71.104,17.963,22.432,77.91,0.15,72.46,71.33,83.158,2023,Dutch Grand Prix
RUS,Mercedes,81.345,79.62,71.294,71.294,17.963,22.432,77.91,0.15,72.813,72.009,82.01,2023,Dutch Grand Prix
ALB,Williams,80.939,79.399,71.419,71.419,17.963,22.432,77.91,0.15,72.447,71.599,82.75,2023,Dutch Grand Prix
ALO,Aston Martin,81.84,79.429,71.506,71.506,17.963,22.432,77.91,0.15,72.13,71.863,82.634,2023,Dutch Grand Prix
SAI,Ferrari,81.321,79.929,71.754,71.754,17.963,22.432,77.91,0.15,,72.093,83.438,2023,Dutch Grand Prix
PER,Red Bull Racing,81.972,79.856,71.88,71.88,17.963,22.432,77.91,0.15,72.323,71.817,82.631,2023,Dutch Grand Prix
PIA,McLaren,81.231,79.392,71.938,71.938,17.963,22.432,77.91,0.15,72.658,72.901,82.892,2023,Dutch Grand Prix
LEC,Ferrari,82.019,79.6,72.665,72.665,17.963,22.432,77.91,0.15,73.519,71.915,83.093,2023,Dutch Grand Prix
SAR,Williams,82.036,80.067,76.748,76.748,17.963,22.432,77.91,0.15,72.617,71.934,83.57,2023,Dutch Grand Prix
STR,Aston Martin,81.57,80.121,,80.121,17.963,22.432,77.91,0.15,98.402,71.835,84.058,2023,Dutch Grand Prix
GAS,Alpine,81.735,80.128,,80.128,17.963,22.432,77.91,0.15,72.895,71.766,83.21,2023,Dutch Grand Prix
HAM,Mercedes,81.919,80.151,,80.151,17.963,22.432,77.91,0.15,72.225,71.638,82.723,2023,Dutch Grand Prix
TSU,AlphaTauri,81.781,80.23,,80.23,17.963,22.432,77.91,0.15,72.749,71.72,83.544,2023,Dutch Grand Prix
HUL,Haas F1 Team,81.891,80.25,,80.25,17.963,22.432,77.91,0.15,74.023,72.693,83.64,2023,Dutch Grand Prix
ZHO,Alfa Romeo,82.067,,,82.067,17.963,22.432,77.91,0.15,73.826,72.074,88.482,2023,Dutch Grand Prix
OCO,Alpine,82.11,,,82.11,17.963,22.432,77.91,0.15,72.802,72.001,83.806,2023,Dutch Grand Prix
MAG,Haas F1 Team,82.192,,,82.192,17.963,22.432,77.91,0.15,73.322,72.404,,2023,Dutch Grand Prix
BOT,Alfa Romeo,82.26,,,82.26,17.963,22.432,77.91,0.15,73.448,71.857,82.965,2023,Dutch Grand Prix
LAW,AlphaTauri,83.42,,,83.42,17.963,22.432,77.91,0.15,,,86.343,2023,Dutch Grand Prix
SAI,Ferrari,81.965,80.991,80.294,80.294,28.179746835443048,39.42658227848101,40.848101265822784,0.0,82.703,81.355,80.912,2023,Italian Grand Prix
VER,Red Bull Racing,81.573,80.937,80.307,80.307,28.179746835443048,39.42658227848101,40.848101265822784,0.0,82.657,81.631,80.998,2023,Italian Grand Prix
LEC,Ferrari,81.788,80.977,80.361,80.361,28.179746835443048,39.42658227848101,40.848101265822784,0.0,82.966,81.716,81.486,2023,Italian Grand Prix
RUS,Mercedes,82.148,81.382,80.671,80.671,28.179746835443048,39.42658227848101,40.848101265822784,0.0,83.189,82.176,81.73,2023,Italian Grand Prix
PER,Red Bull Racing,81.911,81.24,80.688,80.688,28.179746835443048,39.42658227848101,40.848101265822784,0.0,82.834,81.54,82.192,2023,Italian Grand Prix
ALB,Williams,81.661,81.272,80.76,80.76,28.179746835443048,39.42658227848101,40.848101265822784,0.0,83.444,81.979,82.054,2023,Italian Grand Prix
PIA,McLaren,82.106,81.527,80.785,80.785,28.179746835443048,39.42658227848101,40.848101265822784,0.0,83.446,81.545,82.302,2023,Italian Grand Prix
HAM,Mercedes,81.977,81.369,80.82,80.82,28.179746835443048,39.42658227848101,40.848101265822784,0.0,83.269,82.783,81.453,2023,Italian Grand Prix
NOR,McLaren,81.995,81.581,80.979,80.979,28.179746835443048,39.42658227848101,40.848101265822784,0.0,83.241,81.374,82.515,2023,Italian Grand Prix
ALO,Aston Martin,82.043,81.543,81.417,81.417,28.179746835443048,39.42658227848101,40.848101265822784,0.0,83.214,82.071,81.711,2023,Italian Grand Prix
TSU,AlphaTauri,81.852,81.594,,81.594,28.179746835443048,39.42658227848101,40.848101265822784,0.0,83.271,82.696,82.297,2023,Italian Grand Prix
LAW,AlphaTauri,82.112,81.758,,81.758,28.179746835443048,39.42658227848101,40.848101265822784,0.0,83.833,83.167,82.296,2023,Italian Grand Prix
HUL,Haas F1 Team,82.343,81.776,,81.776,28.179746835443048,39.42658227848101,40.848101265822784,0.0,84.067,82.291,81.985,2023,Italian Grand Prix
BOT,Alfa Romeo,82.249,81.94,,81.94,28.179746835443048,39.42658227848101,40.848101265822784,0.0,83.952,82.595,82.511,2023,Italian Grand Prix
SAR,Williams,81.93,81.944,,81.93,28.179746835443048,39.42658227848101,40.848101265822784,0.0,83.661,82.755,82.38,2023,Italian Grand Prix
ZHO,Alfa Romeo,82.39,,,82.39,28.179746835443048,39.42658227848101,40.848101265822784,0.0,84.232,83.346,82.742,2023,Italian Grand Prix
GAS,Alpine,82.545,,,82.545,28.179746835443048,39.42658227848101,40.848101265822784,0.0,83.931,82.651,82.852,2023,Italian Grand Prix
OCO,Alpine,82.548,,,82.548,28.179746835443048,39.42658227848101,40.848101265822784,0.0,84.09,82.716,82.739,2023,Italian Grand Prix
MAG,Haas F1 Team,82.592,,,82.592,28.179746835443048,39.42658227848101,40.848101265822784,0.0,84.217,82.574,81.884,2023,Italian Grand Prix
STR,Aston Martin,82.86,,,82.86,28.179746835443048,39.42658227848101,40.848101265822784,0.0,,91.893,82.245,2023,Italian Grand Prix
SAI,Ferrari,92.339,91.439,90.984,90.984,29.519090909090913,34.15272727272727,77.35454545454546,0.0,93.428,92.12,92.065,2023,Singapore Grand Prix
RUS,Mercedes,92.331,91.743,91.056,91.056,29.519090909090913,34.15272727272727,77.35454545454546,0.0,93.695,92.355,92.134,2023,Singapore Grand Prix
LEC,Ferrari,92.406,92.012,91.063,91.063,29.519090909090913,34.15272727272727,77.35454545454546,0.0,93.35,92.138,92.381,2023,Singapore Grand Prix
NOR,McLaren,92.483,91.951,91.27,91.27,29.519090909090913,34.15272727272727,77.35454545454546,0.0,93.522,92.711,92.303,2023,Singapore Grand Prix
HAM,Mercedes,92.651,92.019,91.485,91.485,29.519090909090913,34.15272727272727,77.35454545454546,0.0,93.54,92.585,92.535,2023,Singapore Grand Prix
MAG,Haas F1 Team,92.242,91.892,91.575,91.575,29.519090909090913,34.15272727272727,77.35454545454546,0.0,94.887,93.017,92.97,2023,Singapore Grand Prix
ALO,Aston Martin,92.584,91.835,91.615,91.615,29.519090909090913,34.15272727272727,77.35454545454546,0.0,93.974,92.478,93.051,2023,Singapore Grand Prix
OCO,Alpine,92.369,92.089,91.673,91.673,29.519090909090913,34.15272727272727,77.35454545454546,0.0,94.066,93.361,92.979,2023,Singapore Grand Prix
HUL,Haas F1 Team,92.1,91.994,91.808,91.808,29.519090909090913,34.15272727272727,77.35454545454546,0.0,94.985,93.139,92.896,2023,Singapore Grand Prix
LAW,AlphaTauri,92.215,92.166,92.268,92.166,29.519090909090913,34.15272727272727,77.35454545454546,0.0,94.894,93.285,93.357,2023,Singapore Grand Prix
VER,Red Bull Racing,92.398,92.173,,92.173,29.519090909090913,34.15272727272727,77.35454545454546,0.0,93.476,92.852,92.378,2023,Singapore Grand Prix
GAS,Alpine,92.452,92.274,,92.274,29.519090909090913,34.15272727272727,77.35454545454546,0.0,94.639,93.824,93.351,2023,Singapore Grand Prix
PER,Red Bull Racing,92.099,92.31,,92.099,29.519090909090913,34.15272727272727,77.35454545454546,0.0,93.725,92.812,92.784,2023,Singapore Grand Prix
ALB,Williams,92.668,93.719,,92.668,29.519090909090913,34.15272727272727,77.35454545454546,0.0,94.657,95.558,93.37,2023,Singapore Grand Prix
TSU,AlphaTauri,91.991,,,91.991,29.519090909090913,34.15272727272727,77.35454545454546,0.0,94.042,93.477,92.945,2023,Singapore Grand Prix
BOT,Alfa Romeo,92.809,,,92.809,29.519090909090913,34.15272727272727,77.35454545454546,0.0,94.802,93.105,93.54,2023,Singapore Grand Prix
PIA,McLaren,92.902,,,92.902,29.519090909090913,34.15272727272727,77.35454545454546,0.0,95.474,93.461,92.73,2023,Singapore Grand Prix
SAR,Williams,93.252,,,93.252,29.519090909090913,34.15272727272727,77.35454545454546,0.0,95.778,94.327,93.708,2023,Singapore Grand Prix
ZHO,Alfa Romeo,93.258,,,93.258,29.519090909090913,34.15272727272727,77.35454545454546,0.0,95.456,93.575,93.637,2023,Singapore Grand Prix
STR,Aston Martin,93.397,,,93.397,29.519090909090913,34.15272727272727,77.35454545454546,0.0,94.568,93.39,93.126,2023,Singapore Grand Prix
VER,Red Bull Racing,89.878,89.964,88.877,88.877,26.086956521739136,36.55326086956522,47.5,0.0,91.647,90.688,90.267,2023,Japanese Grand Prix
PIA,McLaren,90.439,90.122,89.458,89.458,26.086956521739136,36.55326086956522,47.5,0.0,92.713,91.662,90.555,2023,Japanese Grand Prix
NOR,McLaren,90.063,90.296,89.493,89.493,26.086956521739136,36.55326086956522,47.5,0.0,92.392,91.152,90.507,2023,Japanese Grand Prix
LEC,Ferrari,90.393,89.94,89.542,89.542,26.086956521739136,36.55326086956522,47.5,0.0,92.574,91.008,91.022,2023,Japanese Grand Prix
PER,Red Bull Racing,90.652,89.965,89.65,89.65,26.086956521739136,36.55326086956522,47.5,0.0,93.043,91.71,91.004,2023,Japanese Grand Prix
SAI,Ferrari,90.651,90.067,89.85,89.85,26.086956521739136,36.55326086956522,47.5,0.0,92.273,91.237,91.137,2023,Japanese Grand Prix
HAM,Mercedes,90.811,90.04,89.908,89.908,26.086956521739136,36.55326086956522,47.5,0.0,93.699,91.829,91.159,2023,Japanese Grand Prix
RUS,Mercedes,90.811,90.268,90.219,90.219,26.086956521739136,36.55326086956522,47.5,0.0,93.31,91.328,91.505,2023,Japanese Grand Prix
TSU,AlphaTauri,90.733,90.204,90.303,90.204,26.086956521739136,36.55326086956522,47.5,0.0,92.597,92.178,91.951,2023,Japanese Grand Prix
ALO,Aston Martin,90.971,90.465,90.56,90.465,26.086956521739136,36.55326086956522,47.5,0.0,92.65,91.492,91.549,2023,Japanese Grand Prix
LAW,AlphaTauri,90.425,90.508,,90.425,26.086956521739136,36.55326086956522,47.5,0.0,93.005,92.141,92.048,2023,Japanese Grand Prix
GAS,Alpine,90.843,90.509,,90.509,26.086956521739136,36.55326086956522,47.5,0.0,93.129,92.179,92.199,2023,Japanese Grand Prix
ALB,Williams,90.941,90.537,,90.537,26.086956521739136,36.55326086956522,47.5,0.0,92.991,91.555,92.113,2023,Japanese Grand Prix
OCO,Alpine,90.96,90.586,,90.586,26.086956521739136,36.55326086956522,47.5,0.0,93.516,91.794,91.924,2023,Japanese Grand Prix
MAG,Haas F1 Team,90.976,90.665,,90.665,26.086956521739136,36.55326086956522,47.5,0.0,93.975,92.169,91.88,2023,Japanese Grand Prix
BOT,Alfa Romeo,91.049,,,91.049,26.086956521739136,36.55326086956522,47.5,0.0,93.86,91.739,91.699,2023,Japanese Grand Prix
STR,Aston Martin,91.181,,,91.181,26.086956521739136,36.55326086956522,47.5,0.0,93.04,91.771,92.154,2023,Japanese Grand Prix
HUL,Haas F1 Team,91.299,,,91.299,26.086956521739136,36.55326086956522,47.5,0.0,93.448,91.797,91.979,2023,Japanese Grand Prix
ZHO,Alfa Romeo,91.398,,,91.398,26.086956521739136,36.55326086956522,47.5,0.0,94.831,92.165,91.668,2023,Japanese Grand Prix
SAR,Williams,,,,,26.086956521739136,36.55326086956522,47.5,0.0,94.212,92.32,92.002,2023,Japanese Grand Prix
VER,Red Bull Racing,85.007,84.483,83.778,83.778,31.416867469879527,34.3855421686747,55.80722891566265,0.0,87.428,,,2023,Qatar Grand Prix
RUS,Mercedes,85.334,84.827,84.219,84.219,31.416867469879527,34.3855421686747,55.80722891566265,0.0,88.336,,,2023,Qatar Grand Prix
HAM,Mercedes,86.076,84.381,84.305,84.305,31.416867469879527,34.3855421686747,55.80722891566265,0.0,88.679,,,2023,Qatar Grand Prix
ALO,Aston Martin,85.223,85.241,84.369,84.369,31.416867469879527,34.3855421686747,55.80722891566265,0.0,87.919,,,2023,Qatar Grand Prix
LEC,Ferrari,85.452,85.079,84.424,84.424,31.416867469879527,34.3855421686747,55.80722891566265,0.0,87.909,,,2023,Qatar Grand Prix
PIA,McLaren,85.266,84.724,84.54,84.54,31.416867469879527,34.3855421686747,55.80722891566265,0.0,88.38,,,2023,Qatar Grand Prix
GAS,Alpine,85.566,84.918,84.553,84.553,31.416867469879527,34.3855421686747,55.80722891566265,0.0,88.821,,,2023,Qatar Grand Prix
OCO,Alpine,85.711,84.928,84.763,84.763,31.416867469879527,34.3855421686747,55.80722891566265,0.0,88.732,,,2023,Qatar Grand Prix
BOT,Alfa Romeo,86.038,85.297,85.058,85.058,31.416867469879527,34.3855421686747,55.80722891566265,0.0,89.041,,,2023,Qatar Grand Prix
NOR,McLaren,85.131,84.685,,84.685,31.416867469879527,34.3855421686747,55.80722891566265,0.0,88.441,,,2023,Qatar Grand Prix
TSU,AlphaTauri,86.058,85.301,,85.301,31.416867469879527,34.3855421686747,55.80722891566265,0.0,88.027,,,2023,Qatar Grand Prix
SAI,Ferrari,85.808,85.328,,85.328,31.416867469879527,34.3855421686747,55.80722891566265,0.0,87.762,,,2023,Qatar Grand Prix
PER,Red Bull Racing,85.991,85.462,,85.462,31.416867469879527,34.3855421686747,55.80722891566265,0.0,88.016,,,2023,Qatar Grand Prix
ALB,Williams,86.118,85.707,,85.707,31.416867469879527,34.3855421686747,55.80722891566265,0.0,88.59,,,2023,Qatar Grand Prix
HUL,Haas F1 Team,85.904,85.783,,85.783,31.416867469879527,34.3855421686747,55.80722891566265,0.0,88.171,,,2023,Qatar Grand Prix
SAR,Williams,86.21,,,86.21,31.416867469879527,34.3855421686747,55.80722891566265,0.0,88.55,,,2023,Qatar Grand Prix
STR,Aston Martin,86.345,,,86.345,31.416867469879527,34.3855421686747,55.80722891566265,0.0,88.69,,,2023,Qatar Grand Prix
LAW,AlphaTauri,86.635,,,86.635,31.416867469879527,34.3855421686747,55.80722891566265,0.0,89.238,,,2023,Qatar Grand Prix
MAG,Haas F1 Team,87.046,,,87.046,31.416867469879527,34.3855421686747,55.80722891566265,0.0,89.502,,,2023,Qatar Grand Prix
ZHO,Alfa Romeo,87.432,,,87.432,31.416867469879527,34.3855421686747,55.80722891566265,0.0,89.106,,,2023,Qatar Grand Prix
LEC,Ferrari,96.061,95.004,94.723,94.723,35.460759493670885,41.36582278481012,12.531645569620252,0.0,96.068,,,2023,United States Grand Prix
NOR,McLaren,95.11,95.441,94.853,94.853,35.460759493670885,41.36582278481012,12.531645569620252,0.0,97.256,,,2023,United States Grand Prix
HAM,Mercedes,95.091,95.24,94.862,94.862,35.460759493670885,41.36582278481012,12.531645569620252,0.0,96.193,,,2023,United States Grand Prix
SAI,Ferrari,95.824,95.302,94.945,94.945,35.460759493670885,41.36582278481012,12.531645569620252,0.0,96.533,,,2023,United States Grand Prix
RUS,Mercedes,96.165,95.606,95.079,95.079,35.460759493670885,41.36582278481012,12.531645569620252,0.0,96.474,,,2023,United States Grand Prix
VER,Red Bull Racing,95.346,95.008,95.081,95.008,35.460759493670885,41.36582278481012,12.531645569620252,0.0,95.912,,,2023,United States Grand Prix
GAS,Alpine,96.158,95.496,95.089,95.089,35.460759493670885,41.36582278481012,12.531645569620252,0.0,96.705,,,2023,United States Grand Prix
OCO,Alpine,96.131,95.413,95.154,95.154,35.460759493670885,41.36582278481012,12.531645569620252,0.0,97.066,,,2023,United States Grand Prix
PER,Red Bull Racing,95.989,95.679,95.173,95.173,35.460759493670885,41.36582278481012,12.531645569620252,0.0,96.212,,,2023,United States Grand Prix
PIA,McLaren,96.064,95.576,95.467,95.467,35.460759493670885,41.36582278481012,12.531645569620252,0.0,98.42,,,2023,United States Grand Prix
TSU,AlphaTauri,95.913,95.697,,95.697,35.460759493670885,41.36582278481012,12.531645569620252,0.0,97.104,,,2023,United States Grand Prix
ZHO,Alfa Romeo,96.052,95.698,,95.698,35.460759493670885,41.36582278481012,12.531645569620252,0.0,97.418,,,2023,United States Grand Prix
BOT,Alfa Romeo,96.082,95.858,,95.858,35.460759493670885,41.36582278481012,12.531645569620252,0.0,97.517,,,2023,United States Grand Prix
MAG,Haas F1 Team,96.009,95.88,,95.88,35.460759493670885,41.36582278481012,12.531645569620252,0.0,96.472,,,2023,United States Grand Prix
RIC,AlphaTauri,96.213,95.974,,95.974,35.460759493670885,41.36582278481012,12.531645569620252,0.0,97.152,,,2023,United States Grand Prix
HUL,Haas F1 Team,96.235,,,96.235,35.460759493670885,41.36582278481012,12.531645569620252,0.0,96.702,,,2023,United States Grand Prix
ALO,Aston Martin,96.268,,,96.268,35.460759493670885,41.36582278481012,12.531645569620252,0.0,97.84,,,2023,United States Grand Prix
ALB,Williams,96.315,,,96.315,35.460759493670885,41.36582278481012,12.531645569620252,0.0,96.492,,,2023,United States Grand Prix
STR,Aston Martin,96.589,,,96.589,35.460759493670885,41.36582278481012,12.531645569620252,0.0,99.94,,,2023,United States Grand Prix
SAR,Williams,96.827,,,96.827,35.460759493670885,41.36582278481012,12.531645569620252,0.0,96.987,,,2023,United States Grand Prix
LEC,Ferrari,78.401,77.901,77.166,77.166,25.802564102564105,44.11153846153847,27.102564102564102,0.0,80.297,78.952,78.97,2023,Mexico City Grand Prix
SAI,Ferrari,78.755,78.382,77.233,77.233,25.802564102564105,44.11153846153847,27.102564102564102,0.0,80.479,79.257,79.293,2023,Mexico City Grand Prix
VER,Red Bull Racing,78.099,77.625,77.263,77.263,25.802564102564105,44.11153846153847,27.102564102564102,0.0,79.718,78.686,77.887,2023,Mexico City Grand Prix
RIC,AlphaTauri,78.341,77.706,77.382,77.382,25.802564102564105,44.11153846153847,27.102564102564102,0.0,80.568,79.002,78.499,2023,Mexico City Grand Prix
PER,Red Bull Racing,78.553,78.124,77.423,77.423,25.802564102564105,44.11153846153847,27.102564102564102,0.0,80.015,78.988,78.026,2023,Mexico City Grand Prix
HAM,Mercedes,78.677,77.571,77.454,77.454,25.802564102564105,44.11153846153847,27.102564102564102,0.0,80.724,79.024,78.522,2023,Mexico City Grand Prix
PIA,McLaren,78.241,77.874,77.623,77.623,25.802564102564105,44.11153846153847,27.102564102564102,0.0,80.463,79.163,78.392,2023,Mexico City Grand Prix
RUS,Mercedes,78.893,77.673,77.674,77.673,25.802564102564105,44.11153846153847,27.102564102564102,0.0,,79.227,78.248,2023,Mexico City Grand Prix
BOT,Alfa Romeo,78.429,78.016,78.032,78.016,25.802564102564105,44.11153846153847,27.102564102564102,0.0,,78.955,78.437,2023,Mexico City Grand Prix
ZHO,Alfa Romeo,79.016,78.44,78.05,78.05,25.802564102564105,44.11153846153847,27.102564102564102,0.0,81.129,79.415,78.917,2023,Mexico City Grand Prix
GAS,Alpine,78.945,78.521,,78.521,25.802564102564105,44.11153846153847,27.102564102564102,0.0,,79.642,79.509,2023,Mexico City Grand Prix
HUL,Haas F1 Team,78.969,78.524,,78.524,25.802564102564105,44.11153846153847,27.102564102564102,0.0,80.968,79.535,79.32,2023,Mexico City Grand Prix
ALO,Aston Martin,78.848,78.738,,78.738,25.802564102564105,44.11153846153847,27.102564102564102,0.0,81.347,80.426,79.471,2023,Mexico City Grand Prix
ALB,Williams,78.828,79.147,,78.828,25.802564102564105,44.11153846153847,27.102564102564102,0.0,79.813,79.446,77.957,2023,Mexico City Grand Prix
TSU,AlphaTauri,78.89,,,78.89,25.802564102564105,44.11153846153847,27.102564102564102,0.0,,79.29,78.45,2023,Mexico City Grand Prix
OCO,Alpine,79.08,,,79.08,25.802564102564105,44.11153846153847,27.102564102564102,0.0,80.677,79.077,79.839,2023,Mexico City Grand Prix
MAG,Haas F1 Team,79.163,,,79.163,25.802564102564105,44.11153846153847,27.102564102564102,0.0,,80.112,79.573,2023,Mexico City Grand Prix
STR,Aston Martin,79.227,,,79.227,25.802564102564105,44.11153846153847,27.102564102564102,0.0,80.687,80.075,79.094,2023,Mexico City Grand Prix
NOR,McLaren,81.554,,,81.554,25.802564102564105,44.11153846153847,27.102564102564102,0.0,80.237,78.805,78.48,2023,Mexico City Grand Prix
SAR,Williams,,,,,25.802564102564105,44.11153846153847,27.102564102564102,0.0,81.157,79.9,78.718,2023,Mexico City Grand Prix
VER,Red Bull Racing,70.436,70.162,70.727,70.162,29.37906976744186,38.333720930232566,57.33720930232558,0.023255813953488372,72.793,,,2023,São Paulo Grand Prix
LEC,Ferrari,70.472,70.303,71.021,70.303,29.37906976744186,38.333720930232566,57.33720930232558,0.023255813953488372,71.84,,,2023,São Paulo Grand Prix
STR,Aston Martin,70.551,70.375,71.344,70.375,29.37906976744186,38.333720930232566,57.33720930232558,0.023255813953488372,72.136,,,2023,São Paulo Grand Prix
ALO,Aston Martin,70.557,70.237,71.387,70.237,29.37906976744186,38.333720930232566,57.33720930232558,0.023255813953488372,72.615,,,2023,São Paulo Grand Prix
HAM,Mercedes,70.604,70.266,71.469,70.266,29.37906976744186,38.333720930232566,57.33720930232558,0.023255813953488372,72.638,,,2023,São Paulo Grand Prix
RUS,Mercedes,70.34,70.316,71.59,70.316,29.37906976744186,38.333720930232566,57.33720930232558,0.023255813953488372,71.865,,,2023,São Paulo Grand Prix
NOR,McLaren,70.623,70.021,71.987,70.021,29.37906976744186,38.333720930232566,57.33720930232558,0.023255813953488372,73.629,,,2023,São Paulo Grand Prix
SAI,Ferrari,70.624,70.254,71.989,70.254,29.37906976744186,38.333720930232566,57.33720930232558,0.023255813953488372,71.732,,,2023,São Paulo Grand Prix
PER,Red Bull Racing,70.668,70.219,72.321,70.219,29.37906976744186,38.333720930232566,57.33720930232558,0.023255813953488372,73.056,,,2023,São Paulo Grand Prix
PIA,McLaren,70.519,70.33,,70.33,29.37906976744186,38.333720930232566,57.33720930232558,0.023255813953488372,73.838,,,2023,São Paulo Grand Prix
HUL,Haas F1 Team,70.475,70.547,,70.475,29.37906976744186,38.333720930232566,57.33720930232558,0.023255813953488372,71.928,,,2023,São Paulo Grand Prix
OCO,Alpine,70.763,70.562,,70.562,29.37906976744186,38.333720930232566,57.33720930232558,0.023255813953488372,72.779,,,2023,São Paulo Grand Prix
GAS,Alpine,70.793,70.567,,70.567,29.37906976744186,38.333720930232566,57.33720930232558,0.023255813953488372,72.184,,,2023,São Paulo Grand Prix
MAG,Haas F1 Team,70.602,70.723,,70.602,29.37906976744186,38.333720930232566,57.33720930232558,0.023255813953488372,72.592,,,2023,São Paulo Grand Prix
ALB,Williams,70.621,70.84,,70.621,29.37906976744186,38.333720930232566,57.33720930232558,0.023255813953488372,72.044,,,2023,São Paulo Grand Prix
TSU,AlphaTauri,70.837,,,70.837,29.37906976744186,38.333720930232566,57.33720930232558,0.023255813953488372,72.714,,,2023,São Paulo Grand Prix
RIC,AlphaTauri,70.843,,,70.843,29.37906976744186,38.333720930232566,57.33720930232558,0.023255813953488372,72.778,,,2023,São Paulo Grand Prix
BOT,Alfa Romeo,70.955,,,70.955,29.37906976744186,38.333720930232566,57.33720930232558,0.023255813953488372,73.012,,,2023,São Paulo Grand Prix
SAR,Williams,71.035,,,71.035,29.37906976744186,38.333720930232566,57.33720930232558,0.023255813953488372,72.579,,,2023,São Paulo Grand Prix
ZHO,Alfa Romeo,71.275,,,71.275,29.37906976744186,38.333720930232566,57.33720930232558,0.023255813953488372,72.481,,,2023,São Paulo Grand Prix
LEC,Ferrari,93.617,92.775,92.726,92.726,15.127848101265824,16.88101265822785,61.063291139240505,0.0,100.909,95.265,95.908,2023,Las Vegas Grand Prix
SAI,Ferrari,93.851,93.338,92.77,92.77,15.127848101265824,16.88101265822785,61.063291139240505,0.0,105.824,95.782,95.939,2023,Las Vegas Grand Prix
VER,Red Bull Racing,94.19,93.572,93.104,93.104,15.127848101265824,16.88101265822785,61.063291139240505,0.0,104.397,96.183,94.653,2023,Las Vegas Grand Prix
RUS,Mercedes,94.137,93.351,93.112,93.112,15.127848101265824,16.88101265822785,61.063291139240505,0.0,105.497,96.89,94.093,2023,Las Vegas Grand Prix
GAS,Alpine,94.272,93.494,93.239,93.239,15.127848101265824,16.88101265822785,61.063291139240505,0.0,108.253,97.134,96.485,2023,Las Vegas Grand Prix
ALB,Williams,94.634,93.588,93.323,93.323,15.127848101265824,16.88101265822785,61.063291139240505,0.0,120.056,96.688,94.726,2023,Las Vegas Grand Prix
SAR,Williams,94.525,93.733,93.513,93.513,15.127848101265824,16.88101265822785,61.063291139240505,0.0,,98.14,94.645,2023,Las Vegas Grand Prix
BOT,Alfa Romeo,94.305,93.809,93.525,93.525,15.127848101265824,16.88101265822785,61.063291139240505,0.0,107.147,96.129,94.908,2023,Las Vegas Grand Prix
MAG,Haas F1 Team,94.337,93.664,93.537,93.537,15.127848101265824,16.88101265822785,61.063291139240505,0.0,104.261,96.917,95.067,2023,Las Vegas Grand Prix
ALO,Aston Martin,94.422,93.617,93.555,93.555,15.127848101265824,16.88101265822785,61.063291139240505,0.0,,95.793,94.788,2023,Las Vegas Grand Prix
HAM,Mercedes,94.307,93.837,,93.837,15.127848101265824,16.88101265822785,61.063291139240505,0.0,108.513,96.663,94.853,2023,Las Vegas Grand Prix
PER,Red Bull Racing,94.574,93.855,,93.855,15.127848101265824,16.88101265822785,61.063291139240505,0.0,106.793,96.085,94.706,2023,Las Vegas Grand Prix
HUL,Haas F1 Team,94.265,93.979,,93.979,15.127848101265824,16.88101265822785,61.063291139240505,0.0,103.446,96.489,95.112,2023,Las Vegas Grand Prix
STR,Aston Martin,94.504,94.199,,94.199,15.127848101265824,16.88101265822785,61.063291139240505,0.0,,96.496,95.253,2023,Las Vegas Grand Prix
RIC,AlphaTauri,94.683,94.308,,94.308,15.127848101265824,16.88101265822785,61.063291139240505,0.0,108.65,97.68,97.778,2023,Las Vegas Grand Prix
NOR,McLaren,94.703,,,94.703,15.127848101265824,16.88101265822785,61.063291139240505,0.0,108.947,96.864,95.089,2023,Las Vegas Grand Prix
OCO,Alpine,94.834,,,94.834,15.127848101265824,16.88101265822785,61.063291139240505,0.0,105.365,97.241,95.297,2023,Las Vegas Grand Prix
ZHO,Alfa Romeo,94.849,,,94.849,15.127848101265824,16.88101265822785,61.063291139240505,0.0,108.822,97.656,95.881,2023,Las Vegas Grand Prix
PIA,McLaren,94.85,,,94.85,15.127848101265824,16.88101265822785,61.063291139240505,0.0,123.607,96.987,94.491,2023,Las Vegas Grand Prix
TSU,AlphaTauri,96.447,,,96.447,15.127848101265824,16.88101265822785,61.063291139240505,0.0,105.908,97.412,96.087,2023,Las Vegas Grand Prix
VER,Red Bull Racing,84.16,83.74,83.445,83.445,26.73333333333333,31.84615384615385,66.3076923076923,0.0,,84.982,85.153,2023,Abu Dhabi Grand Prix
LEC,Ferrari,84.459,83.969,83.584,83.584,26.73333333333333,31.84615384615385,66.3076923076923,0.0,,84.809,85.099,2023,Abu Dhabi Grand Prix
PIA,McLaren,84.487,84.278,83.782,83.782,26.73333333333333,31.84615384615385,66.3076923076923,0.0,86.665,85.361,84.81,2023,Abu Dhabi Grand Prix
RUS,Mercedes,84.337,84.013,83.788,83.788,26.73333333333333,31.84615384615385,66.3076923076923,0.0,86.072,85.122,84.418,2023,Abu Dhabi Grand Prix
NOR,McLaren,84.368,83.92,83.816,83.816,26.73333333333333,31.84615384615385,66.3076923076923,0.0,,84.852,84.513,2023,Abu Dhabi Grand Prix
TSU,AlphaTauri,84.286,84.207,83.968,83.968,26.73333333333333,31.84615384615385,66.3076923076923,0.0,86.725,85.669,85.222,2023,Abu Dhabi Grand Prix
ALO,Aston Martin,84.501,84.131,84.084,84.084,26.73333333333333,31.84615384615385,66.3076923076923,0.0,,85.397,85.343,2023,Abu Dhabi Grand Prix
HUL,Haas F1 Team,84.425,84.213,84.108,84.108,26.73333333333333,31.84615384615385,66.3076923076923,0.0,,87.147,85.584,2023,Abu Dhabi Grand Prix
PER,Red Bull Racing,84.209,84.116,84.171,84.116,26.73333333333333,31.84615384615385,66.3076923076923,0.0,,85.112,85.259,2023,Abu Dhabi Grand Prix
GAS,Alpine,84.6,84.078,84.548,84.078,26.73333333333333,31.84615384615385,66.3076923076923,0.0,86.72,85.321,85.303,2023,Abu Dhabi Grand Prix
HAM,Mercedes,84.437,84.359,,84.359,26.73333333333333,31.84615384615385,66.3076923076923,0.0,,85.315,85.292,2023,Abu Dhabi Grand Prix
OCO,Alpine,84.565,84.391,,84.391,26.73333333333333,31.84615384615385,66.3076923076923,0.0,,85.566,85.194,2023,Abu Dhabi Grand Prix
STR,Aston Martin,84.405,84.422,,84.405,26.73333333333333,31.84615384615385,66.3076923076923,0.0,86.631,85.492,85.405,2023,Abu Dhabi Grand Prix
ALB,Williams,84.298,84.439,,84.298,26.73333333333333,31.84615384615385,66.3076923076923,0.0,,86.081,84.929,2023,Abu Dhabi Grand Prix
RIC,AlphaTauri,84.461,84.442,,84.442,26.73333333333333,31.84615384615385,66.3076923076923,0.0,86.433,85.467,85.597,2023,Abu Dhabi Grand Prix
SAI,Ferrari,84.738,,,84.738,26.73333333333333,31.84615384615385,66.3076923076923,0.0,86.676,86.707,85.713,2023,Abu Dhabi Grand Prix
MAG,Haas F1 Team,84.764,,,84.764,26.73333333333333,31.84615384615385,66.3076923076923,0.0,87.462,86.413,85.652,2023,Abu Dhabi Grand Prix
BOT,Alfa Romeo,84.788,,,84.788,26.73333333333333,31.84615384615385,66.3076923076923,0.0,86.453,85.024,85.42,2023,Abu Dhabi Grand Prix
ZHO,Alfa Romeo,85.159,,,85.159,26.73333333333333,31.84615384615385,66.3076923076923,0.0,,85.223,85.258,2023,Abu Dhabi Grand Prix
SAR,Williams,,,,,26.73333333333333,31.84615384615385,66.3076923076923,0.0,86.742,86.659,85.205,2023,Abu Dhabi Grand Prix
