event_id,session,start_utc,end_utc,timing_source,source_path
2021-01,FP1,2021-03-26T11:30:00+00:00,2021-03-26T12:30:00+00:00,FastF1 SessionInfo StartDate/EndDate,/static/2021/2021-03-28_Bahrain_Grand_Prix/2021-03-26_Practice_1/
2021-01,FP2,2021-03-26T15:00:00+00:00,2021-03-26T16:00:00+00:00,FastF1 SessionInfo StartDate/EndDate,/static/2021/2021-03-28_Bahrain_Grand_Prix/2021-03-26_Practice_2/
2021-01,FP3,2021-03-27T12:00:00+00:00,2021-03-27T13:00:00+00:00,FastF1 SessionInfo StartDate/EndDate,/static/2021/2021-03-28_Bahrain_Grand_Prix/2021-03-27_Practice_3/
2021-01,Q,2021-03-27T15:00:00+00:00,2021-03-27T16:00:00+00:00,FastF1 SessionInfo StartDate/EndDate,/static/2021/2021-03-28_Bahrain_Grand_Prix/2021-03-27_Qualifying/
2021-02,FP1,2021-04-16T09:00:00+00:00,2021-04-16T10:00:00+00:00,FastF1 SessionInfo StartDate/EndDate,/static/2021/2021-04-18_Emilia_Romagna_Grand_Prix/2021-04-16_Practice_1/
2021-02,FP2,2021-04-16T12:30:00+00:00,2021-04-16T13:30:00+00:00,FastF1 SessionInfo StartDate/EndDate,/static/2021/2021-04-18_Emilia_Romagna_Grand_Prix/2021-04-16_Practice_2/
2021-02,FP3,2021-04-17T09:00:00+00:00,2021-04-17T10:00:00+00:00,FastF1 SessionInfo StartDate/EndDate,/static/2021/2021-04-18_Emilia_Romagna_Grand_Prix/2021-04-17_Practice_3/
2021-02,Q,2021-04-17T12:00:00+00:00,2021-04-17T13:00:00+00:00,FastF1 SessionInfo StartDate/EndDate,/static/2021/2021-04-18_Emilia_Romagna_Grand_Prix/2021-04-17_Qualifying/
2021-03,FP1,2021-04-30T10:30:00+00:00,2021-04-30T11:30:00+00:00,FastF1 SessionInfo StartDate/EndDate,/static/2021/2021-05-02_Portuguese_Grand_Prix/2021-04-30_Practice_1/
2021-03,FP2,2021-04-30T14:00:00+00:00,2021-04-30T15:00:00+00:00,FastF1 SessionInfo StartDate/EndDate,/static/2021/2021-05-02_Portuguese_Grand_Prix/2021-04-30_Practice_2/
2021-03,FP3,2021-05-01T11:00:00+00:00,2021-05-01T12:00:00+00:00,FastF1 SessionInfo StartDate/EndDate,/static/2021/2021-05-02_Portuguese_Grand_Prix/2021-05-01_Practice_3/
2021-03,Q,2021-05-01T14:00:00+00:00,2021-05-01T15:00:00+00:00,FastF1 SessionInfo StartDate/EndDate,/static/2021/2021-05-02_Portuguese_Grand_Prix/2021-05-01_Qualifying/
2021-04,FP1,2021-05-07T09:30:00+00:00,2021-05-07T10:30:00+00:00,FastF1 SessionInfo StartDate/EndDate,/static/2021/2021-05-09_Spanish_Grand_Prix/2021-05-07_Practice_1/
2021-04,FP2,2021-05-07T13:00:00+00:00,2021-05-07T14:00:00+00:00,FastF1 SessionInfo StartDate/EndDate,/static/2021/2021-05-09_Spanish_Grand_Prix/2021-05-07_Practice_2/
2021-04,FP3,2021-05-08T10:00:00+00:00,2021-05-08T11:00:00+00:00,FastF1 SessionInfo StartDate/EndDate,/static/2021/2021-05-09_Spanish_Grand_Prix/2021-05-08_Practice_3/
2021-04,Q,2021-05-08T13:00:00+00:00,2021-05-08T14:00:00+00:00,FastF1 SessionInfo StartDate/EndDate,/static/2021/2021-05-09_Spanish_Grand_Prix/2021-05-08_Qualifying/
2021-05,FP1,2021-05-20T09:30:00+00:00,2021-05-20T10:30:00+00:00,FastF1 SessionInfo StartDate/EndDate,/static/2021/2021-05-23_Monaco_Grand_Prix/2021-05-20_Practice_1/
2021-05,FP2,2021-05-20T13:00:00+00:00,2021-05-20T14:00:00+00:00,FastF1 SessionInfo StartDate/EndDate,/static/2021/2021-05-23_Monaco_Grand_Prix/2021-05-20_Practice_2/
2021-05,FP3,2021-05-22T10:00:00+00:00,2021-05-22T11:00:00+00:00,FastF1 SessionInfo StartDate/EndDate,/static/2021/2021-05-23_Monaco_Grand_Prix/2021-05-22_Practice_3/
2021-05,Q,2021-05-22T13:00:00+00:00,2021-05-22T14:00:00+00:00,FastF1 SessionInfo StartDate/EndDate,/static/2021/2021-05-23_Monaco_Grand_Prix/2021-05-22_Qualifying/
2021-06,FP1,2021-06-04T08:30:00+00:00,2021-06-04T09:30:00+00:00,FastF1 SessionInfo StartDate/EndDate,/static/2021/2021-06-06_Azerbaijan_Grand_Prix/2021-06-04_Practice_1/
2021-06,FP2,2021-06-04T12:00:00+00:00,2021-06-04T13:00:00+00:00,FastF1 SessionInfo StartDate/EndDate,/static/2021/2021-06-06_Azerbaijan_Grand_Prix/2021-06-04_Practice_2/
2021-06,FP3,2021-06-05T09:00:00+00:00,2021-06-05T10:00:00+00:00,FastF1 SessionInfo StartDate/EndDate,/static/2021/2021-06-06_Azerbaijan_Grand_Prix/2021-06-05_Practice_3/
2021-06,Q,2021-06-05T12:00:00+00:00,2021-06-05T13:00:00+00:00,FastF1 SessionInfo StartDate/EndDate,/static/2021/2021-06-06_Azerbaijan_Grand_Prix/2021-06-05_Qualifying/
2021-07,FP1,2021-06-18T09:30:00+00:00,2021-06-18T10:30:00+00:00,FastF1 SessionInfo StartDate/EndDate,/static/2021/2021-06-20_French_Grand_Prix/2021-06-18_Practice_1/
2021-07,FP2,2021-06-18T13:00:00+00:00,2021-06-18T14:00:00+00:00,FastF1 SessionInfo StartDate/EndDate,/static/2021/2021-06-20_French_Grand_Prix/2021-06-18_Practice_2/
2021-07,FP3,2021-06-19T10:00:00+00:00,2021-06-19T11:00:00+00:00,FastF1 SessionInfo StartDate/EndDate,/static/2021/2021-06-20_French_Grand_Prix/2021-06-19_Practice_3/
2021-07,Q,2021-06-19T13:00:00+00:00,2021-06-19T14:00:00+00:00,FastF1 SessionInfo StartDate/EndDate,/static/2021/2021-06-20_French_Grand_Prix/2021-06-19_Qualifying/
2021-08,FP1,2021-06-25T09:30:00+00:00,2021-06-25T10:30:00+00:00,FastF1 SessionInfo StartDate/EndDate,/static/2021/2021-06-27_Styrian_Grand_Prix/2021-06-25_Practice_1/
2021-08,FP2,2021-06-25T13:00:00+00:00,2021-06-25T14:00:00+00:00,FastF1 SessionInfo StartDate/EndDate,/static/2021/2021-06-27_Styrian_Grand_Prix/2021-06-25_Practice_2/
2021-08,FP3,2021-06-26T10:00:00+00:00,2021-06-26T11:00:00+00:00,FastF1 SessionInfo StartDate/EndDate,/static/2021/2021-06-27_Styrian_Grand_Prix/2021-06-26_Practice_3/
2021-08,Q,2021-06-26T13:00:00+00:00,2021-06-26T14:00:00+00:00,FastF1 SessionInfo StartDate/EndDate,/static/2021/2021-06-27_Styrian_Grand_Prix/2021-06-26_Qualifying/
2021-09,FP1,2021-07-02T09:30:00+00:00,2021-07-02T10:30:00+00:00,FastF1 SessionInfo StartDate/EndDate,/static/2021/2021-07-04_Austrian_Grand_Prix/2021-07-02_Practice_1/
2021-09,FP2,2021-07-02T13:00:00+00:00,2021-07-02T14:00:00+00:00,FastF1 SessionInfo StartDate/EndDate,/static/2021/2021-07-04_Austrian_Grand_Prix/2021-07-02_Practice_2/
2021-09,FP3,2021-07-03T10:00:00+00:00,2021-07-03T11:00:00+00:00,FastF1 SessionInfo StartDate/EndDate,/static/2021/2021-07-04_Austrian_Grand_Prix/2021-07-03_Practice_3/
2021-09,Q,2021-07-03T13:00:00+00:00,2021-07-03T14:00:00+00:00,FastF1 SessionInfo StartDate/EndDate,/static/2021/2021-07-04_Austrian_Grand_Prix/2021-07-03_Qualifying/
2021-10,FP1,2021-07-16T13:30:00+00:00,2021-07-16T14:30:00+00:00,FastF1 SessionInfo StartDate/EndDate,/static/2021/2021-07-18_British_Grand_Prix/2021-07-16_Practice_1/
2021-10,Q,2021-07-16T17:00:00+00:00,2021-07-16T18:00:00+00:00,FastF1 SessionInfo StartDate/EndDate,/static/2021/2021-07-18_British_Grand_Prix/2021-07-16_Qualifying/
2021-10,FP2,2021-07-17T11:00:00+00:00,2021-07-17T12:00:00+00:00,FastF1 SessionInfo StartDate/EndDate,/static/2021/2021-07-18_British_Grand_Prix/2021-07-17_Practice_2/
2021-11,FP1,2021-07-30T09:30:00+00:00,2021-07-30T10:30:00+00:00,FastF1 SessionInfo StartDate/EndDate,/static/2021/2021-08-01_Hungarian_Grand_Prix/2021-07-30_Practice_1/
2021-11,FP2,2021-07-30T13:00:00+00:00,2021-07-30T14:00:00+00:00,FastF1 SessionInfo StartDate/EndDate,/static/2021/2021-08-01_Hungarian_Grand_Prix/2021-07-30_Practice_2/
2021-11,FP3,2021-07-31T10:00:00+00:00,2021-07-31T11:00:00+00:00,FastF1 SessionInfo StartDate/EndDate,/static/2021/2021-08-01_Hungarian_Grand_Prix/2021-07-31_Practice_3/
2021-11,Q,2021-07-31T13:00:00+00:00,2021-07-31T14:00:00+00:00,FastF1 SessionInfo StartDate/EndDate,/static/2021/2021-08-01_Hungarian_Grand_Prix/2021-07-31_Qualifying/
2021-12,FP1,2021-08-27T09:30:00+00:00,2021-08-27T10:30:00+00:00,FastF1 SessionInfo StartDate/EndDate,/static/2021/2021-08-29_Belgian_Grand_Prix/2021-08-27_Practice_1/
2021-12,FP2,2021-08-27T13:00:00+00:00,2021-08-27T14:00:00+00:00,FastF1 SessionInfo StartDate/EndDate,/static/2021/2021-08-29_Belgian_Grand_Prix/2021-08-27_Practice_2/
2021-12,FP3,2021-08-28T10:00:00+00:00,2021-08-28T11:00:00+00:00,FastF1 SessionInfo StartDate/EndDate,/static/2021/2021-08-29_Belgian_Grand_Prix/2021-08-28_Practice_3/
2021-12,Q,2021-08-28T13:00:00+00:00,2021-08-28T14:00:00+00:00,FastF1 SessionInfo StartDate/EndDate,/static/2021/2021-08-29_Belgian_Grand_Prix/2021-08-28_Qualifying/
2021-13,FP1,2021-09-03T09:30:00+00:00,2021-09-03T10:30:00+00:00,FastF1 SessionInfo StartDate/EndDate,/static/2021/2021-09-05_Dutch_Grand_Prix/2021-09-03_Practice_1/
2021-13,FP2,2021-09-03T13:00:00+00:00,2021-09-03T14:00:00+00:00,FastF1 SessionInfo StartDate/EndDate,/static/2021/2021-09-05_Dutch_Grand_Prix/2021-09-03_Practice_2/
2021-13,FP3,2021-09-04T10:00:00+00:00,2021-09-04T11:00:00+00:00,FastF1 SessionInfo StartDate/EndDate,/static/2021/2021-09-05_Dutch_Grand_Prix/2021-09-04_Practice_3/
2021-13,Q,2021-09-04T13:00:00+00:00,2021-09-04T14:00:00+00:00,FastF1 SessionInfo StartDate/EndDate,/static/2021/2021-09-05_Dutch_Grand_Prix/2021-09-04_Qualifying/
2021-14,FP1,2021-09-10T12:30:00+00:00,2021-09-10T13:30:00+00:00,FastF1 SessionInfo StartDate/EndDate,/static/2021/2021-09-12_Italian_Grand_Prix/2021-09-10_Practice_1/
2021-14,Q,2021-09-10T16:00:00+00:00,2021-09-10T17:00:00+00:00,FastF1 SessionInfo StartDate/EndDate,/static/2021/2021-09-12_Italian_Grand_Prix/2021-09-10_Qualifying/
2021-14,FP2,2021-09-11T10:00:00+00:00,2021-09-11T11:00:00+00:00,FastF1 SessionInfo StartDate/EndDate,/static/2021/2021-09-12_Italian_Grand_Prix/2021-09-11_Practice_2/
2021-15,FP1,2021-09-24T08:30:00+00:00,2021-09-24T09:30:00+00:00,FastF1 SessionInfo StartDate/EndDate,/static/2021/2021-09-26_Russian_Grand_Prix/2021-09-24_Practice_1/
2021-15,FP2,2021-09-24T12:00:00+00:00,2021-09-24T13:00:00+00:00,FastF1 SessionInfo StartDate/EndDate,/static/2021/2021-09-26_Russian_Grand_Prix/2021-09-24_Practice_2/
2021-15,FP3,2021-09-25T09:00:00+00:00,2021-09-25T10:00:00+00:00,FastF1 SessionInfo StartDate/EndDate,/static/2021/2021-09-26_Russian_Grand_Prix/2021-09-25_Practice_3/
2021-15,Q,2021-09-25T12:00:00+00:00,2021-09-25T13:00:00+00:00,FastF1 SessionInfo StartDate/EndDate,/static/2021/2021-09-26_Russian_Grand_Prix/2021-09-25_Qualifying/
2021-16,FP1,2021-10-08T08:30:00+00:00,2021-10-08T09:30:00+00:00,FastF1 SessionInfo StartDate/EndDate,/static/2021/2021-10-10_Turkish_Grand_Prix/2021-10-08_Practice_1/
2021-16,FP2,2021-10-08T12:00:00+00:00,2021-10-08T13:00:00+00:00,FastF1 SessionInfo StartDate/EndDate,/static/2021/2021-10-10_Turkish_Grand_Prix/2021-10-08_Practice_2/
2021-16,FP3,2021-10-09T09:00:00+00:00,2021-10-09T10:00:00+00:00,FastF1 SessionInfo StartDate/EndDate,/static/2021/2021-10-10_Turkish_Grand_Prix/2021-10-09_Practice_3/
2021-16,Q,2021-10-09T12:00:00+00:00,2021-10-09T13:00:00+00:00,FastF1 SessionInfo StartDate/EndDate,/static/2021/2021-10-10_Turkish_Grand_Prix/2021-10-09_Qualifying/
2021-17,FP1,2021-10-22T16:30:00+00:00,2021-10-22T17:30:00+00:00,FastF1 SessionInfo StartDate/EndDate,/static/2021/2021-10-24_United_States_Grand_Prix/2021-10-22_Practice_1/
2021-17,FP2,2021-10-22T20:00:00+00:00,2021-10-22T21:00:00+00:00,FastF1 SessionInfo StartDate/EndDate,/static/2021/2021-10-24_United_States_Grand_Prix/2021-10-22_Practice_2/
2021-17,FP3,2021-10-23T18:00:00+00:00,2021-10-23T19:00:00+00:00,FastF1 SessionInfo StartDate/EndDate,/static/2021/2021-10-24_United_States_Grand_Prix/2021-10-23_Practice_3/
2021-17,Q,2021-10-23T21:00:00+00:00,2021-10-23T22:00:00+00:00,FastF1 SessionInfo StartDate/EndDate,/static/2021/2021-10-24_United_States_Grand_Prix/2021-10-23_Qualifying/
2021-18,FP1,2021-11-05T17:30:00+00:00,2021-11-05T18:30:00+00:00,FastF1 SessionInfo StartDate/EndDate,/static/2021/2021-11-07_Mexico_City_Grand_Prix/2021-11-05_Practice_1/
2021-18,FP2,2021-11-05T21:00:00+00:00,2021-11-05T22:00:00+00:00,FastF1 SessionInfo StartDate/EndDate,/static/2021/2021-11-07_Mexico_City_Grand_Prix/2021-11-05_Practice_2/
2021-18,FP3,2021-11-06T17:00:00+00:00,2021-11-06T18:00:00+00:00,FastF1 SessionInfo StartDate/EndDate,/static/2021/2021-11-07_Mexico_City_Grand_Prix/2021-11-06_Practice_3/
2021-18,Q,2021-11-06T20:00:00+00:00,2021-11-06T21:00:00+00:00,FastF1 SessionInfo StartDate/EndDate,/static/2021/2021-11-07_Mexico_City_Grand_Prix/2021-11-06_Qualifying/
2021-19,FP1,2021-11-12T15:30:00+00:00,2021-11-12T16:30:00+00:00,FastF1 SessionInfo StartDate/EndDate,/static/2021/2021-11-14_São_Paulo_Grand_Prix/2021-11-12_Practice_1/
2021-19,Q,2021-11-12T19:00:00+00:00,2021-11-12T20:00:00+00:00,FastF1 SessionInfo StartDate/EndDate,/static/2021/2021-11-14_São_Paulo_Grand_Prix/2021-11-12_Qualifying/
2021-19,FP2,2021-11-13T15:00:00+00:00,2021-11-13T16:00:00+00:00,FastF1 SessionInfo StartDate/EndDate,/static/2021/2021-11-14_São_Paulo_Grand_Prix/2021-11-13_Practice_2/
2021-20,FP1,2021-11-19T10:30:00+00:00,2021-11-19T11:30:00+00:00,FastF1 SessionInfo StartDate/EndDate,/static/2021/2021-11-21_Qatar_Grand_Prix/2021-11-19_Practice_1/
2021-20,FP2,2021-11-19T14:00:00+00:00,2021-11-19T15:00:00+00:00,FastF1 SessionInfo StartDate/EndDate,/static/2021/2021-11-21_Qatar_Grand_Prix/2021-11-19_Practice_2/
2021-20,FP3,2021-11-20T11:00:00+00:00,2021-11-20T12:00:00+00:00,FastF1 SessionInfo StartDate/EndDate,/static/2021/2021-11-21_Qatar_Grand_Prix/2021-11-20_Practice_3/
2021-20,Q,2021-11-20T14:00:00+00:00,2021-11-20T15:00:00+00:00,FastF1 SessionInfo StartDate/EndDate,/static/2021/2021-11-21_Qatar_Grand_Prix/2021-11-20_Qualifying/
2021-21,FP1,2021-12-03T13:30:00+00:00,2021-12-03T14:30:00+00:00,FastF1 SessionInfo StartDate/EndDate,/static/2021/2021-12-05_Saudi_Arabian_Grand_Prix/2021-12-03_Practice_1/
2021-21,FP2,2021-12-03T17:00:00+00:00,2021-12-03T18:00:00+00:00,FastF1 SessionInfo StartDate/EndDate,/static/2021/2021-12-05_Saudi_Arabian_Grand_Prix/2021-12-03_Practice_2/
2021-21,FP3,2021-12-04T14:00:00+00:00,2021-12-04T15:00:00+00:00,FastF1 SessionInfo StartDate/EndDate,/static/2021/2021-12-05_Saudi_Arabian_Grand_Prix/2021-12-04_Practice_3/
2021-21,Q,2021-12-04T17:00:00+00:00,2021-12-04T18:00:00+00:00,FastF1 SessionInfo StartDate/EndDate,/static/2021/2021-12-05_Saudi_Arabian_Grand_Prix/2021-12-04_Qualifying/
2021-22,FP1,2021-12-10T09:30:00+00:00,2021-12-10T10:30:00+00:00,FastF1 SessionInfo StartDate/EndDate,/static/2021/2021-12-12_Abu_Dhabi_Grand_Prix/2021-12-10_Practice_1/
2021-22,FP2,2021-12-10T13:00:00+00:00,2021-12-10T14:00:00+00:00,FastF1 SessionInfo StartDate/EndDate,/static/2021/2021-12-12_Abu_Dhabi_Grand_Prix/2021-12-10_Practice_2/
2021-22,FP3,2021-12-11T10:00:00+00:00,2021-12-11T11:00:00+00:00,FastF1 SessionInfo StartDate/EndDate,/static/2021/2021-12-12_Abu_Dhabi_Grand_Prix/2021-12-11_Practice_3/
2021-22,Q,2021-12-11T13:00:00+00:00,2021-12-11T14:00:00+00:00,FastF1 SessionInfo StartDate/EndDate,/static/2021/2021-12-12_Abu_Dhabi_Grand_Prix/2021-12-11_Qualifying/
2022-01,FP1,2022-03-18T12:00:00+00:00,2022-03-18T13:00:00+00:00,FastF1 SessionInfo StartDate/EndDate,/static/2022/2022-03-20_Bahrain_Grand_Prix/2022-03-18_Practice_1/
2022-01,FP2,2022-03-18T15:00:00+00:00,2022-03-18T16:00:00+00:00,FastF1 SessionInfo StartDate/EndDate,/static/2022/2022-03-20_Bahrain_Grand_Prix/2022-03-18_Practice_2/
2022-01,FP3,2022-03-19T12:00:00+00:00,2022-03-19T13:00:00+00:00,FastF1 SessionInfo StartDate/EndDate,/static/2022/2022-03-20_Bahrain_Grand_Prix/2022-03-19_Practice_3/
2022-01,Q,2022-03-19T15:00:00+00:00,2022-03-19T16:00:00+00:00,FastF1 SessionInfo StartDate/EndDate,/static/2022/2022-03-20_Bahrain_Grand_Prix/2022-03-19_Qualifying/
2022-02,FP1,2022-03-25T14:00:00+00:00,2022-03-25T15:00:00+00:00,FastF1 SessionInfo StartDate/EndDate,/static/2022/2022-03-27_Saudi_Arabian_Grand_Prix/2022-03-25_Practice_1/
2022-02,FP2,2022-03-25T17:00:00+00:00,2022-03-25T18:00:00+00:00,FastF1 SessionInfo StartDate/EndDate,/static/2022/2022-03-27_Saudi_Arabian_Grand_Prix/2022-03-25_Practice_2/
2022-02,FP3,2022-03-26T14:00:00+00:00,2022-03-26T15:00:00+00:00,FastF1 SessionInfo StartDate/EndDate,/static/2022/2022-03-27_Saudi_Arabian_Grand_Prix/2022-03-26_Practice_3/
2022-02,Q,2022-03-26T17:00:00+00:00,2022-03-26T18:00:00+00:00,FastF1 SessionInfo StartDate/EndDate,/static/2022/2022-03-27_Saudi_Arabian_Grand_Prix/2022-03-26_Qualifying/
2022-03,FP1,2022-04-08T03:00:00+00:00,2022-04-08T04:00:00+00:00,FastF1 SessionInfo StartDate/EndDate,/static/2022/2022-04-10_Australian_Grand_Prix/2022-04-08_Practice_1/
2022-03,FP2,2022-04-08T06:00:00+00:00,2022-04-08T07:00:00+00:00,FastF1 SessionInfo StartDate/EndDate,/static/2022/2022-04-10_Australian_Grand_Prix/2022-04-08_Practice_2/
2022-03,FP3,2022-04-09T03:00:00+00:00,2022-04-09T04:00:00+00:00,FastF1 SessionInfo StartDate/EndDate,/static/2022/2022-04-10_Australian_Grand_Prix/2022-04-09_Practice_3/
2022-03,Q,2022-04-09T06:00:00+00:00,2022-04-09T07:00:00+00:00,FastF1 SessionInfo StartDate/EndDate,/static/2022/2022-04-10_Australian_Grand_Prix/2022-04-09_Qualifying/
2022-04,FP1,2022-04-22T11:30:00+00:00,2022-04-22T12:30:00+00:00,FastF1 SessionInfo StartDate/EndDate,/static/2022/2022-04-24_Emilia_Romagna_Grand_Prix/2022-04-22_Practice_1/
2022-04,Q,2022-04-22T15:00:00+00:00,2022-04-22T16:00:00+00:00,FastF1 SessionInfo StartDate/EndDate,/static/2022/2022-04-24_Emilia_Romagna_Grand_Prix/2022-04-22_Qualifying/
2022-04,FP2,2022-04-23T10:30:00+00:00,2022-04-23T11:30:00+00:00,FastF1 SessionInfo StartDate/EndDate,/static/2022/2022-04-24_Emilia_Romagna_Grand_Prix/2022-04-23_Practice_2/
2022-05,FP1,2022-05-06T18:30:00+00:00,2022-05-06T19:30:00+00:00,FastF1 SessionInfo StartDate/EndDate,/static/2022/2022-05-08_Miami_Grand_Prix/2022-05-06_Practice_1/
2022-05,FP2,2022-05-06T21:30:00+00:00,2022-05-06T22:30:00+00:00,FastF1 SessionInfo StartDate/EndDate,/static/2022/2022-05-08_Miami_Grand_Prix/2022-05-06_Practice_2/
2022-05,FP3,2022-05-07T17:00:00+00:00,2022-05-07T18:00:00+00:00,FastF1 SessionInfo StartDate/EndDate,/static/2022/2022-05-08_Miami_Grand_Prix/2022-05-07_Practice_3/
2022-05,Q,2022-05-07T20:00:00+00:00,2022-05-07T21:00:00+00:00,FastF1 SessionInfo StartDate/EndDate,/static/2022/2022-05-08_Miami_Grand_Prix/2022-05-07_Qualifying/
2022-06,FP1,2022-05-20T12:00:00+00:00,2022-05-20T13:00:00+00:00,FastF1 SessionInfo StartDate/EndDate,/static/2022/2022-05-22_Spanish_Grand_Prix/2022-05-20_Practice_1/
2022-06,FP2,2022-05-20T15:00:00+00:00,2022-05-20T16:00:00+00:00,FastF1 SessionInfo StartDate/EndDate,/static/2022/2022-05-22_Spanish_Grand_Prix/2022-05-20_Practice_2/
2022-06,FP3,2022-05-21T11:00:00+00:00,2022-05-21T12:00:00+00:00,FastF1 SessionInfo StartDate/EndDate,/static/2022/2022-05-22_Spanish_Grand_Prix/2022-05-21_Practice_3/
2022-06,Q,2022-05-21T14:00:00+00:00,2022-05-21T15:00:00+00:00,FastF1 SessionInfo StartDate/EndDate,/static/2022/2022-05-22_Spanish_Grand_Prix/2022-05-21_Qualifying/
2022-07,FP1,2022-05-27T12:00:00+00:00,2022-05-27T13:00:00+00:00,FastF1 SessionInfo StartDate/EndDate,/static/2022/2022-05-29_Monaco_Grand_Prix/2022-05-27_Practice_1/
2022-07,FP2,2022-05-27T15:00:00+00:00,2022-05-27T16:00:00+00:00,FastF1 SessionInfo StartDate/EndDate,/static/2022/2022-05-29_Monaco_Grand_Prix/2022-05-27_Practice_2/
2022-07,FP3,2022-05-28T11:00:00+00:00,2022-05-28T12:00:00+00:00,FastF1 SessionInfo StartDate/EndDate,/static/2022/2022-05-29_Monaco_Grand_Prix/2022-05-28_Practice_3/
2022-07,Q,2022-05-28T14:00:00+00:00,2022-05-28T15:00:00+00:00,FastF1 SessionInfo StartDate/EndDate,/static/2022/2022-05-29_Monaco_Grand_Prix/2022-05-28_Qualifying/
2022-08,FP1,2022-06-10T11:00:00+00:00,2022-06-10T12:00:00+00:00,FastF1 SessionInfo StartDate/EndDate,/static/2022/2022-06-12_Azerbaijan_Grand_Prix/2022-06-10_Practice_1/
2022-08,FP2,2022-06-10T14:00:00+00:00,2022-06-10T15:00:00+00:00,FastF1 SessionInfo StartDate/EndDate,/static/2022/2022-06-12_Azerbaijan_Grand_Prix/2022-06-10_Practice_2/
2022-08,FP3,2022-06-11T11:00:00+00:00,2022-06-11T12:00:00+00:00,FastF1 SessionInfo StartDate/EndDate,/static/2022/2022-06-12_Azerbaijan_Grand_Prix/2022-06-11_Practice_3/
2022-08,Q,2022-06-11T14:00:00+00:00,2022-06-11T15:00:00+00:00,FastF1 SessionInfo StartDate/EndDate,/static/2022/2022-06-12_Azerbaijan_Grand_Prix/2022-06-11_Qualifying/
2022-09,FP1,2022-06-17T18:00:00+00:00,2022-06-17T19:00:00+00:00,FastF1 SessionInfo StartDate/EndDate,/static/2022/2022-06-19_Canadian_Grand_Prix/2022-06-17_Practice_1/
2022-09,FP2,2022-06-17T21:00:00+00:00,2022-06-17T22:00:00+00:00,FastF1 SessionInfo StartDate/EndDate,/static/2022/2022-06-19_Canadian_Grand_Prix/2022-06-17_Practice_2/
2022-09,FP3,2022-06-18T17:00:00+00:00,2022-06-18T18:00:00+00:00,FastF1 SessionInfo StartDate/EndDate,/static/2022/2022-06-19_Canadian_Grand_Prix/2022-06-18_Practice_3/
2022-09,Q,2022-06-18T20:00:00+00:00,2022-06-18T21:00:00+00:00,FastF1 SessionInfo StartDate/EndDate,/static/2022/2022-06-19_Canadian_Grand_Prix/2022-06-18_Qualifying/
2022-10,FP1,2022-07-01T12:00:00+00:00,2022-07-01T13:00:00+00:00,FastF1 SessionInfo StartDate/EndDate,/static/2022/2022-07-03_British_Grand_Prix/2022-07-01_Practice_1/
2022-10,FP2,2022-07-01T15:00:00+00:00,2022-07-01T16:00:00+00:00,FastF1 SessionInfo StartDate/EndDate,/static/2022/2022-07-03_British_Grand_Prix/2022-07-01_Practice_2/
2022-10,FP3,2022-07-02T11:00:00+00:00,2022-07-02T12:00:00+00:00,FastF1 SessionInfo StartDate/EndDate,/static/2022/2022-07-03_British_Grand_Prix/2022-07-02_Practice_3/
2022-10,Q,2022-07-02T14:00:00+00:00,2022-07-02T15:00:00+00:00,FastF1 SessionInfo StartDate/EndDate,/static/2022/2022-07-03_British_Grand_Prix/2022-07-02_Qualifying/
2022-11,FP1,2022-07-08T11:30:00+00:00,2022-07-08T12:30:00+00:00,FastF1 SessionInfo StartDate/EndDate,/static/2022/2022-07-10_Austrian_Grand_Prix/2022-07-08_Practice_1/
2022-11,Q,2022-07-08T15:00:00+00:00,2022-07-08T16:00:00+00:00,FastF1 SessionInfo StartDate/EndDate,/static/2022/2022-07-10_Austrian_Grand_Prix/2022-07-08_Qualifying/
2022-11,FP2,2022-07-09T10:30:00+00:00,2022-07-09T11:30:00+00:00,FastF1 SessionInfo StartDate/EndDate,/static/2022/2022-07-10_Austrian_Grand_Prix/2022-07-09_Practice_2/
2022-12,FP1,2022-07-22T12:00:00+00:00,2022-07-22T13:00:00+00:00,FastF1 SessionInfo StartDate/EndDate,/static/2022/2022-07-24_French_Grand_Prix/2022-07-22_Practice_1/
2022-12,FP2,2022-07-22T15:00:00+00:00,2022-07-22T16:00:00+00:00,FastF1 SessionInfo StartDate/EndDate,/static/2022/2022-07-24_French_Grand_Prix/2022-07-22_Practice_2/
2022-12,FP3,2022-07-23T11:00:00+00:00,2022-07-23T12:00:00+00:00,FastF1 SessionInfo StartDate/EndDate,/static/2022/2022-07-24_French_Grand_Prix/2022-07-23_Practice_3/
2022-12,Q,2022-07-23T14:00:00+00:00,2022-07-23T15:00:00+00:00,FastF1 SessionInfo StartDate/EndDate,/static/2022/2022-07-24_French_Grand_Prix/2022-07-23_Qualifying/
2022-13,FP1,2022-07-29T12:00:00+00:00,2022-07-29T13:00:00+00:00,FastF1 SessionInfo StartDate/EndDate,/static/2022/2022-07-31_Hungarian_Grand_Prix/2022-07-29_Practice_1/
2022-13,FP2,2022-07-29T15:00:00+00:00,2022-07-29T16:00:00+00:00,FastF1 SessionInfo StartDate/EndDate,/static/2022/2022-07-31_Hungarian_Grand_Prix/2022-07-29_Practice_2/
2022-13,FP3,2022-07-30T11:00:00+00:00,2022-07-30T12:00:00+00:00,FastF1 SessionInfo StartDate/EndDate,/static/2022/2022-07-31_Hungarian_Grand_Prix/2022-07-30_Practice_3/
2022-13,Q,2022-07-30T14:00:00+00:00,2022-07-30T15:00:00+00:00,FastF1 SessionInfo StartDate/EndDate,/static/2022/2022-07-31_Hungarian_Grand_Prix/2022-07-30_Qualifying/
2022-14,FP1,2022-08-26T12:00:00+00:00,2022-08-26T13:00:00+00:00,FastF1 SessionInfo StartDate/EndDate,/static/2022/2022-08-28_Belgian_Grand_Prix/2022-08-26_Practice_1/
2022-14,FP2,2022-08-26T15:00:00+00:00,2022-08-26T16:00:00+00:00,FastF1 SessionInfo StartDate/EndDate,/static/2022/2022-08-28_Belgian_Grand_Prix/2022-08-26_Practice_2/
2022-14,FP3,2022-08-27T11:00:00+00:00,2022-08-27T12:00:00+00:00,FastF1 SessionInfo StartDate/EndDate,/static/2022/2022-08-28_Belgian_Grand_Prix/2022-08-27_Practice_3/
2022-14,Q,2022-08-27T14:00:00+00:00,2022-08-27T15:00:00+00:00,FastF1 SessionInfo StartDate/EndDate,/static/2022/2022-08-28_Belgian_Grand_Prix/2022-08-27_Qualifying/
2022-15,FP1,2022-09-02T10:30:00+00:00,2022-09-02T11:30:00+00:00,FastF1 SessionInfo StartDate/EndDate,/static/2022/2022-09-04_Dutch_Grand_Prix/2022-09-02_Practice_1/
2022-15,FP2,2022-09-02T14:00:00+00:00,2022-09-02T15:00:00+00:00,FastF1 SessionInfo StartDate/EndDate,/static/2022/2022-09-04_Dutch_Grand_Prix/2022-09-02_Practice_2/
2022-15,FP3,2022-09-03T10:00:00+00:00,2022-09-03T11:00:00+00:00,FastF1 SessionInfo StartDate/EndDate,/static/2022/2022-09-04_Dutch_Grand_Prix/2022-09-03_Practice_3/
2022-15,Q,2022-09-03T13:00:00+00:00,2022-09-03T14:00:00+00:00,FastF1 SessionInfo StartDate/EndDate,/static/2022/2022-09-04_Dutch_Grand_Prix/2022-09-03_Qualifying/
2022-16,FP1,2022-09-09T12:00:00+00:00,2022-09-09T13:00:00+00:00,FastF1 SessionInfo StartDate/EndDate,/static/2022/2022-09-11_Italian_Grand_Prix/2022-09-09_Practice_1/
2022-16,FP2,2022-09-09T15:00:00+00:00,2022-09-09T16:00:00+00:00,FastF1 SessionInfo StartDate/EndDate,/static/2022/2022-09-11_Italian_Grand_Prix/2022-09-09_Practice_2/
2022-16,FP3,2022-09-10T11:00:00+00:00,2022-09-10T12:00:00+00:00,FastF1 SessionInfo StartDate/EndDate,/static/2022/2022-09-11_Italian_Grand_Prix/2022-09-10_Practice_3/
2022-16,Q,2022-09-10T14:00:00+00:00,2022-09-10T15:00:00+00:00,FastF1 SessionInfo StartDate/EndDate,/static/2022/2022-09-11_Italian_Grand_Prix/2022-09-10_Qualifying/
2022-17,FP1,2022-09-30T10:00:00+00:00,2022-09-30T11:00:00+00:00,FastF1 SessionInfo StartDate/EndDate,/static/2022/2022-10-02_Singapore_Grand_Prix/2022-09-30_Practice_1/
2022-17,FP2,2022-09-30T13:00:00+00:00,2022-09-30T14:00:00+00:00,FastF1 SessionInfo StartDate/EndDate,/static/2022/2022-10-02_Singapore_Grand_Prix/2022-09-30_Practice_2/
2022-17,FP3,2022-10-01T10:00:00+00:00,2022-10-01T11:00:00+00:00,FastF1 SessionInfo StartDate/EndDate,/static/2022/2022-10-02_Singapore_Grand_Prix/2022-10-01_Practice_3/
2022-17,Q,2022-10-01T13:00:00+00:00,2022-10-01T14:00:00+00:00,FastF1 SessionInfo StartDate/EndDate,/static/2022/2022-10-02_Singapore_Grand_Prix/2022-10-01_Qualifying/
2022-18,FP1,2022-10-07T03:00:00+00:00,2022-10-07T04:00:00+00:00,FastF1 SessionInfo StartDate/EndDate,/static/2022/2022-10-09_Japanese_Grand_Prix/2022-10-07_Practice_1/
2022-18,FP2,2022-10-07T06:00:00+00:00,2022-10-07T07:30:00+00:00,FastF1 SessionInfo StartDate/EndDate,/static/2022/2022-10-09_Japanese_Grand_Prix/2022-10-07_Practice_2/
2022-18,FP3,2022-10-08T03:00:00+00:00,2022-10-08T04:00:00+00:00,FastF1 SessionInfo StartDate/EndDate,/static/2022/2022-10-09_Japanese_Grand_Prix/2022-10-08_Practice_3/
2022-18,Q,2022-10-08T06:00:00+00:00,2022-10-08T07:00:00+00:00,FastF1 SessionInfo StartDate/EndDate,/static/2022/2022-10-09_Japanese_Grand_Prix/2022-10-08_Qualifying/
2022-19,FP1,2022-10-21T19:00:00+00:00,2022-10-21T20:00:00+00:00,FastF1 SessionInfo StartDate/EndDate,/static/2022/2022-10-23_United_States_Grand_Prix/2022-10-21_Practice_1/
2022-19,FP2,2022-10-21T22:00:00+00:00,2022-10-21T23:30:00+00:00,FastF1 SessionInfo StartDate/EndDate,/static/2022/2022-10-23_United_States_Grand_Prix/2022-10-21_Practice_2/
2022-19,FP3,2022-10-22T19:00:00+00:00,2022-10-22T20:00:00+00:00,FastF1 SessionInfo StartDate/EndDate,/static/2022/2022-10-23_United_States_Grand_Prix/2022-10-22_Practice_3/
2022-19,Q,2022-10-22T22:00:00+00:00,2022-10-22T23:00:00+00:00,FastF1 SessionInfo StartDate/EndDate,/static/2022/2022-10-23_United_States_Grand_Prix/2022-10-22_Qualifying/
2022-20,FP1,2022-10-28T18:00:00+00:00,2022-10-28T19:00:00+00:00,FastF1 SessionInfo StartDate/EndDate,/static/2022/2022-10-30_Mexico_City_Grand_Prix/2022-10-28_Practice_1/
2022-20,FP2,2022-10-28T21:00:00+00:00,2022-10-28T22:30:00+00:00,FastF1 SessionInfo StartDate/EndDate,/static/2022/2022-10-30_Mexico_City_Grand_Prix/2022-10-28_Practice_2/
2022-20,FP3,2022-10-29T17:00:00+00:00,2022-10-29T18:00:00+00:00,FastF1 SessionInfo StartDate/EndDate,/static/2022/2022-10-30_Mexico_City_Grand_Prix/2022-10-29_Practice_3/
2022-20,Q,2022-10-29T20:00:00+00:00,2022-10-29T21:00:00+00:00,FastF1 SessionInfo StartDate/EndDate,/static/2022/2022-10-30_Mexico_City_Grand_Prix/2022-10-29_Qualifying/
2022-21,FP1,2022-11-11T15:30:00+00:00,2022-11-11T16:30:00+00:00,FastF1 SessionInfo StartDate/EndDate,/static/2022/2022-11-13_São_Paulo_Grand_Prix/2022-11-11_Practice_1/
2022-21,Q,2022-11-11T19:00:00+00:00,2022-11-11T20:00:00+00:00,FastF1 SessionInfo StartDate/EndDate,/static/2022/2022-11-13_São_Paulo_Grand_Prix/2022-11-11_Qualifying/
2022-21,FP2,2022-11-12T15:30:00+00:00,2022-11-12T16:30:00+00:00,FastF1 SessionInfo StartDate/EndDate,/static/2022/2022-11-13_São_Paulo_Grand_Prix/2022-11-12_Practice_2/
2022-22,FP1,2022-11-18T10:00:00+00:00,2022-11-18T11:00:00+00:00,FastF1 SessionInfo StartDate/EndDate,/static/2022/2022-11-20_Abu_Dhabi_Grand_Prix/2022-11-18_Practice_1/
2022-22,FP2,2022-11-18T13:00:00+00:00,2022-11-18T14:00:00+00:00,FastF1 SessionInfo StartDate/EndDate,/static/2022/2022-11-20_Abu_Dhabi_Grand_Prix/2022-11-18_Practice_2/
2022-22,FP3,2022-11-19T10:30:00+00:00,2022-11-19T11:30:00+00:00,FastF1 SessionInfo StartDate/EndDate,/static/2022/2022-11-20_Abu_Dhabi_Grand_Prix/2022-11-19_Practice_3/
2022-22,Q,2022-11-19T14:00:00+00:00,2022-11-19T15:00:00+00:00,FastF1 SessionInfo StartDate/EndDate,/static/2022/2022-11-20_Abu_Dhabi_Grand_Prix/2022-11-19_Qualifying/
2023-01,FP1,2023-03-03T11:30:00+00:00,2023-03-03T12:30:00+00:00,FastF1 SessionInfo StartDate/EndDate,/static/2023/2023-03-05_Bahrain_Grand_Prix/2023-03-03_Practice_1/
2023-01,FP2,2023-03-03T15:00:00+00:00,2023-03-03T16:00:00+00:00,FastF1 SessionInfo StartDate/EndDate,/static/2023/2023-03-05_Bahrain_Grand_Prix/2023-03-03_Practice_2/
2023-01,FP3,2023-03-04T11:30:00+00:00,2023-03-04T12:30:00+00:00,FastF1 SessionInfo StartDate/EndDate,/static/2023/2023-03-05_Bahrain_Grand_Prix/2023-03-04_Practice_3/
2023-01,Q,2023-03-04T15:00:00+00:00,2023-03-04T16:00:00+00:00,FastF1 SessionInfo StartDate/EndDate,/static/2023/2023-03-05_Bahrain_Grand_Prix/2023-03-04_Qualifying/
2023-02,FP1,2023-03-17T13:30:00+00:00,2023-03-17T14:30:00+00:00,FastF1 SessionInfo StartDate/EndDate,/static/2023/2023-03-19_Saudi_Arabian_Grand_Prix/2023-03-17_Practice_1/
2023-02,FP2,2023-03-17T17:00:00+00:00,2023-03-17T18:00:00+00:00,FastF1 SessionInfo StartDate/EndDate,/static/2023/2023-03-19_Saudi_Arabian_Grand_Prix/2023-03-17_Practice_2/
2023-02,FP3,2023-03-18T13:30:00+00:00,2023-03-18T14:30:00+00:00,FastF1 SessionInfo StartDate/EndDate,/static/2023/2023-03-19_Saudi_Arabian_Grand_Prix/2023-03-18_Practice_3/
2023-02,Q,2023-03-18T17:00:00+00:00,2023-03-18T18:00:00+00:00,FastF1 SessionInfo StartDate/EndDate,/static/2023/2023-03-19_Saudi_Arabian_Grand_Prix/2023-03-18_Qualifying/
2023-03,FP1,2023-03-31T01:30:00+00:00,2023-03-31T02:30:00+00:00,FastF1 SessionInfo StartDate/EndDate,/static/2023/2023-04-02_Australian_Grand_Prix/2023-03-31_Practice_1/
2023-03,FP2,2023-03-31T05:00:00+00:00,2023-03-31T06:00:00+00:00,FastF1 SessionInfo StartDate/EndDate,/static/2023/2023-04-02_Australian_Grand_Prix/2023-03-31_Practice_2/
2023-03,FP3,2023-04-01T01:30:00+00:00,2023-04-01T02:30:00+00:00,FastF1 SessionInfo StartDate/EndDate,/static/2023/2023-04-02_Australian_Grand_Prix/2023-04-01_Practice_3/
2023-03,Q,2023-04-01T05:00:00+00:00,2023-04-01T06:00:00+00:00,FastF1 SessionInfo StartDate/EndDate,/static/2023/2023-04-02_Australian_Grand_Prix/2023-04-01_Qualifying/
2023-04,FP1,2023-04-28T09:30:00+00:00,2023-04-28T10:30:00+00:00,FastF1 SessionInfo StartDate/EndDate,/static/2023/2023-04-30_Azerbaijan_Grand_Prix/2023-04-28_Practice_1/
2023-04,Q,2023-04-28T13:00:00+00:00,2023-04-28T14:00:00+00:00,FastF1 SessionInfo StartDate/EndDate,/static/2023/2023-04-30_Azerbaijan_Grand_Prix/2023-04-28_Qualifying/
2023-05,FP1,2023-05-05T18:00:00+00:00,2023-05-05T19:00:00+00:00,FastF1 SessionInfo StartDate/EndDate,/static/2023/2023-05-07_Miami_Grand_Prix/2023-05-05_Practice_1/
2023-05,FP2,2023-05-05T21:30:00+00:00,2023-05-05T22:30:00+00:00,FastF1 SessionInfo StartDate/EndDate,/static/2023/2023-05-07_Miami_Grand_Prix/2023-05-05_Practice_2/
2023-05,FP3,2023-05-06T16:30:00+00:00,2023-05-06T17:30:00+00:00,FastF1 SessionInfo StartDate/EndDate,/static/2023/2023-05-07_Miami_Grand_Prix/2023-05-06_Practice_3/
2023-05,Q,2023-05-06T20:00:00+00:00,2023-05-06T21:00:00+00:00,FastF1 SessionInfo StartDate/EndDate,/static/2023/2023-05-07_Miami_Grand_Prix/2023-05-06_Qualifying/
2023-06,FP1,2023-05-26T11:30:00+00:00,2023-05-26T12:30:00+00:00,FastF1 SessionInfo StartDate/EndDate,/static/2023/2023-05-28_Monaco_Grand_Prix/2023-05-26_Practice_1/
2023-06,FP2,2023-05-26T15:00:00+00:00,2023-05-26T16:00:00+00:00,FastF1 SessionInfo StartDate/EndDate,/static/2023/2023-05-28_Monaco_Grand_Prix/2023-05-26_Practice_2/
2023-06,FP3,2023-05-27T10:30:00+00:00,2023-05-27T11:30:00+00:00,FastF1 SessionInfo StartDate/EndDate,/static/2023/2023-05-28_Monaco_Grand_Prix/2023-05-27_Practice_3/
2023-06,Q,2023-05-27T14:00:00+00:00,2023-05-27T15:00:00+00:00,FastF1 SessionInfo StartDate/EndDate,/static/2023/2023-05-28_Monaco_Grand_Prix/2023-05-27_Qualifying/
2023-07,FP1,2023-06-02T11:30:00+00:00,2023-06-02T12:30:00+00:00,FastF1 SessionInfo StartDate/EndDate,/static/2023/2023-06-04_Spanish_Grand_Prix/2023-06-02_Practice_1/
2023-07,FP2,2023-06-02T15:00:00+00:00,2023-06-02T16:00:00+00:00,FastF1 SessionInfo StartDate/EndDate,/static/2023/2023-06-04_Spanish_Grand_Prix/2023-06-02_Practice_2/
2023-07,FP3,2023-06-03T10:30:00+00:00,2023-06-03T11:30:00+00:00,FastF1 SessionInfo StartDate/EndDate,/static/2023/2023-06-04_Spanish_Grand_Prix/2023-06-03_Practice_3/
2023-07,Q,2023-06-03T14:00:00+00:00,2023-06-03T15:00:00+00:00,FastF1 SessionInfo StartDate/EndDate,/static/2023/2023-06-04_Spanish_Grand_Prix/2023-06-03_Qualifying/
2023-08,FP1,2023-06-16T17:30:00+00:00,2023-06-16T18:30:00+00:00,FastF1 SessionInfo StartDate/EndDate,/static/2023/2023-06-18_Canadian_Grand_Prix/2023-06-16_Practice_1/
2023-08,FP2,2023-06-16T20:30:00+00:00,2023-06-16T22:00:00+00:00,FastF1 SessionInfo StartDate/EndDate,/static/2023/2023-06-18_Canadian_Grand_Prix/2023-06-16_Practice_2/
2023-08,FP3,2023-06-17T16:30:00+00:00,2023-06-17T17:30:00+00:00,FastF1 SessionInfo StartDate/EndDate,/static/2023/2023-06-18_Canadian_Grand_Prix/2023-06-17_Practice_3/
2023-08,Q,2023-06-17T20:00:00+00:00,2023-06-17T21:00:00+00:00,FastF1 SessionInfo StartDate/EndDate,/static/2023/2023-06-18_Canadian_Grand_Prix/2023-06-17_Qualifying/
2023-09,FP1,2023-06-30T11:30:00+00:00,2023-06-30T12:30:00+00:00,FastF1 SessionInfo StartDate/EndDate,/static/2023/2023-07-02_Austrian_Grand_Prix/2023-06-30_Practice_1/
2023-09,Q,2023-06-30T15:00:00+00:00,2023-06-30T16:00:00+00:00,FastF1 SessionInfo StartDate/EndDate,/static/2023/2023-07-02_Austrian_Grand_Prix/2023-06-30_Qualifying/
2023-10,FP1,2023-07-07T11:30:00+00:00,2023-07-07T12:30:00+00:00,FastF1 SessionInfo StartDate/EndDate,/static/2023/2023-07-09_British_Grand_Prix/2023-07-07_Practice_1/
2023-10,FP2,2023-07-07T15:00:00+00:00,2023-07-07T16:00:00+00:00,FastF1 SessionInfo StartDate/EndDate,/static/2023/2023-07-09_British_Grand_Prix/2023-07-07_Practice_2/
2023-10,FP3,2023-07-08T10:30:00+00:00,2023-07-08T11:30:00+00:00,FastF1 SessionInfo StartDate/EndDate,/static/2023/2023-07-09_British_Grand_Prix/2023-07-08_Practice_3/
2023-10,Q,2023-07-08T14:00:00+00:00,2023-07-08T15:00:00+00:00,FastF1 SessionInfo StartDate/EndDate,/static/2023/2023-07-09_British_Grand_Prix/2023-07-08_Qualifying/
2023-11,FP1,2023-07-21T11:30:00+00:00,2023-07-21T12:30:00+00:00,FastF1 SessionInfo StartDate/EndDate,/static/2023/2023-07-23_Hungarian_Grand_Prix/2023-07-21_Practice_1/
2023-11,FP2,2023-07-21T15:00:00+00:00,2023-07-21T16:00:00+00:00,FastF1 SessionInfo StartDate/EndDate,/static/2023/2023-07-23_Hungarian_Grand_Prix/2023-07-21_Practice_2/
2023-11,FP3,2023-07-22T10:30:00+00:00,2023-07-22T11:30:00+00:00,FastF1 SessionInfo StartDate/EndDate,/static/2023/2023-07-23_Hungarian_Grand_Prix/2023-07-22_Practice_3/
2023-11,Q,2023-07-22T14:00:00+00:00,2023-07-22T15:00:00+00:00,FastF1 SessionInfo StartDate/EndDate,/static/2023/2023-07-23_Hungarian_Grand_Prix/2023-07-22_Qualifying/
2023-12,FP1,2023-07-28T11:30:00+00:00,2023-07-28T12:30:00+00:00,FastF1 SessionInfo StartDate/EndDate,/static/2023/2023-07-30_Belgian_Grand_Prix/2023-07-28_Practice_1/
2023-12,Q,2023-07-28T15:00:00+00:00,2023-07-28T16:00:00+00:00,FastF1 SessionInfo StartDate/EndDate,/static/2023/2023-07-30_Belgian_Grand_Prix/2023-07-28_Qualifying/
2023-13,FP1,2023-08-25T10:30:00+00:00,2023-08-25T11:30:00+00:00,FastF1 SessionInfo StartDate/EndDate,/static/2023/2023-08-27_Dutch_Grand_Prix/2023-08-25_Practice_1/
2023-13,FP2,2023-08-25T14:00:00+00:00,2023-08-25T15:00:00+00:00,FastF1 SessionInfo StartDate/EndDate,/static/2023/2023-08-27_Dutch_Grand_Prix/2023-08-25_Practice_2/
2023-13,FP3,2023-08-26T09:30:00+00:00,2023-08-26T10:30:00+00:00,FastF1 SessionInfo StartDate/EndDate,/static/2023/2023-08-27_Dutch_Grand_Prix/2023-08-26_Practice_3/
2023-13,Q,2023-08-26T13:00:00+00:00,2023-08-26T14:00:00+00:00,FastF1 SessionInfo StartDate/EndDate,/static/2023/2023-08-27_Dutch_Grand_Prix/2023-08-26_Qualifying/
2023-14,FP1,2023-09-01T11:30:00+00:00,2023-09-01T12:30:00+00:00,FastF1 SessionInfo StartDate/EndDate,/static/2023/2023-09-03_Italian_Grand_Prix/2023-09-01_Practice_1/
2023-14,FP2,2023-09-01T15:00:00+00:00,2023-09-01T16:00:00+00:00,FastF1 SessionInfo StartDate/EndDate,/static/2023/2023-09-03_Italian_Grand_Prix/2023-09-01_Practice_2/
2023-14,FP3,2023-09-02T10:30:00+00:00,2023-09-02T11:30:00+00:00,FastF1 SessionInfo StartDate/EndDate,/static/2023/2023-09-03_Italian_Grand_Prix/2023-09-02_Practice_3/
2023-14,Q,2023-09-02T14:00:00+00:00,2023-09-02T15:00:00+00:00,FastF1 SessionInfo StartDate/EndDate,/static/2023/2023-09-03_Italian_Grand_Prix/2023-09-02_Qualifying/
2023-15,FP1,2023-09-15T09:30:00+00:00,2023-09-15T10:30:00+00:00,FastF1 SessionInfo StartDate/EndDate,/static/2023/2023-09-17_Singapore_Grand_Prix/2023-09-15_Practice_1/
2023-15,FP2,2023-09-15T13:00:00+00:00,2023-09-15T14:00:00+00:00,FastF1 SessionInfo StartDate/EndDate,/static/2023/2023-09-17_Singapore_Grand_Prix/2023-09-15_Practice_2/
2023-15,FP3,2023-09-16T09:30:00+00:00,2023-09-16T10:30:00+00:00,FastF1 SessionInfo StartDate/EndDate,/static/2023/2023-09-17_Singapore_Grand_Prix/2023-09-16_Practice_3/
2023-15,Q,2023-09-16T13:00:00+00:00,2023-09-16T14:00:00+00:00,FastF1 SessionInfo StartDate/EndDate,/static/2023/2023-09-17_Singapore_Grand_Prix/2023-09-16_Qualifying/
2023-16,FP1,2023-09-22T02:30:00+00:00,2023-09-22T03:30:00+00:00,FastF1 SessionInfo StartDate/EndDate,/static/2023/2023-09-24_Japanese_Grand_Prix/2023-09-22_Practice_1/
2023-16,FP2,2023-09-22T06:00:00+00:00,2023-09-22T07:00:00+00:00,FastF1 SessionInfo StartDate/EndDate,/static/2023/2023-09-24_Japanese_Grand_Prix/2023-09-22_Practice_2/
2023-16,FP3,2023-09-23T02:30:00+00:00,2023-09-23T03:30:00+00:00,FastF1 SessionInfo StartDate/EndDate,/static/2023/2023-09-24_Japanese_Grand_Prix/2023-09-23_Practice_3/
2023-16,Q,2023-09-23T06:00:00+00:00,2023-09-23T07:00:00+00:00,FastF1 SessionInfo StartDate/EndDate,/static/2023/2023-09-24_Japanese_Grand_Prix/2023-09-23_Qualifying/
2023-17,FP1,2023-10-06T13:30:00+00:00,2023-10-06T14:30:00+00:00,FastF1 SessionInfo StartDate/EndDate,/static/2023/2023-10-08_Qatar_Grand_Prix/2023-10-06_Practice_1/
2023-17,Q,2023-10-06T17:00:00+00:00,2023-10-06T18:00:00+00:00,FastF1 SessionInfo StartDate/EndDate,/static/2023/2023-10-08_Qatar_Grand_Prix/2023-10-06_Qualifying/
2023-18,FP1,2023-10-20T17:30:00+00:00,2023-10-20T18:30:00+00:00,FastF1 SessionInfo StartDate/EndDate,/static/2023/2023-10-22_United_States_Grand_Prix/2023-10-20_Practice_1/
2023-18,Q,2023-10-20T21:00:00+00:00,2023-10-20T22:00:00+00:00,FastF1 SessionInfo StartDate/EndDate,/static/2023/2023-10-22_United_States_Grand_Prix/2023-10-20_Qualifying/
2023-19,FP1,2023-10-27T18:30:00+00:00,2023-10-27T19:30:00+00:00,FastF1 SessionInfo StartDate/EndDate,/static/2023/2023-10-29_Mexico_City_Grand_Prix/2023-10-27_Practice_1/
2023-19,FP2,2023-10-27T22:00:00+00:00,2023-10-27T23:00:00+00:00,FastF1 SessionInfo StartDate/EndDate,/static/2023/2023-10-29_Mexico_City_Grand_Prix/2023-10-27_Practice_2/
2023-19,FP3,2023-10-28T17:30:00+00:00,2023-10-28T18:30:00+00:00,FastF1 SessionInfo StartDate/EndDate,/static/2023/2023-10-29_Mexico_City_Grand_Prix/2023-10-28_Practice_3/
2023-19,Q,2023-10-28T21:00:00+00:00,2023-10-28T22:00:00+00:00,FastF1 SessionInfo StartDate/EndDate,/static/2023/2023-10-29_Mexico_City_Grand_Prix/2023-10-28_Qualifying/
2023-20,FP1,2023-11-03T14:30:00+00:00,2023-11-03T15:30:00+00:00,FastF1 SessionInfo StartDate/EndDate,/static/2023/2023-11-05_São_Paulo_Grand_Prix/2023-11-03_Practice_1/
2023-20,Q,2023-11-03T18:00:00+00:00,2023-11-03T19:00:00+00:00,FastF1 SessionInfo StartDate/EndDate,/static/2023/2023-11-05_São_Paulo_Grand_Prix/2023-11-03_Qualifying/
2023-21,FP1,2023-11-17T04:30:00+00:00,2023-11-17T05:30:00+00:00,FastF1 SessionInfo StartDate/EndDate,/static/2023/2023-11-18_Las_Vegas_Grand_Prix/2023-11-16_Practice_1/
2023-21,FP2,2023-11-17T10:00:00+00:00,2023-11-17T11:30:00+00:00,FastF1 SessionInfo StartDate/EndDate,/static/2023/2023-11-18_Las_Vegas_Grand_Prix/2023-11-17_Practice_2/
2023-21,FP3,2023-11-18T04:30:00+00:00,2023-11-18T05:30:00+00:00,FastF1 SessionInfo StartDate/EndDate,/static/2023/2023-11-18_Las_Vegas_Grand_Prix/2023-11-17_Practice_3/
2023-21,Q,2023-11-18T08:00:00+00:00,2023-11-18T09:00:00+00:00,FastF1 SessionInfo StartDate/EndDate,/static/2023/2023-11-18_Las_Vegas_Grand_Prix/2023-11-18_Qualifying/
2023-22,FP1,2023-11-24T09:30:00+00:00,2023-11-24T10:30:00+00:00,FastF1 SessionInfo StartDate/EndDate,/static/2023/2023-11-26_Abu_Dhabi_Grand_Prix/2023-11-24_Practice_1/
2023-22,FP2,2023-11-24T13:00:00+00:00,2023-11-24T14:00:00+00:00,FastF1 SessionInfo StartDate/EndDate,/static/2023/2023-11-26_Abu_Dhabi_Grand_Prix/2023-11-24_Practice_2/
2023-22,FP3,2023-11-25T10:30:00+00:00,2023-11-25T11:30:00+00:00,FastF1 SessionInfo StartDate/EndDate,/static/2023/2023-11-26_Abu_Dhabi_Grand_Prix/2023-11-25_Practice_3/
2023-22,Q,2023-11-25T14:00:00+00:00,2023-11-25T15:00:00+00:00,FastF1 SessionInfo StartDate/EndDate,/static/2023/2023-11-26_Abu_Dhabi_Grand_Prix/2023-11-25_Qualifying/
