Year,Circuit,DriverNumber,Driver,DriverId,Team,Position,Q1,Q2,Q3,Status
2021,Bahrain Grand Prix,33,VER,max_verstappen,Red Bull Racing,1.0,90.499,90.318,88.997,
2021,Bahrain Grand Prix,44,HAM,hamilton,Mercedes,2.0,90.617,90.085,89.385,
2021,Bahrain Grand Prix,77,BOT,bottas,Mercedes,3.0,91.2,90.186,89.586,
2021,Bahrain Grand Prix,16,LEC,leclerc,Ferrari,4.0,90.691,90.01,89.678,
2021,Bahrain Grand Prix,10,GAS,gasly,AlphaTauri,5.0,90.848,90.513,89.809,
2021,Bahrain Grand Prix,3,RIC,ricciardo,McLaren,6.0,90.795,90.222,89.927,
2021,Bahrain Grand Prix,4,NOR,norris,McLaren,7.0,90.902,90.099,89.974,
2021,Bahrain Grand Prix,55,SAI,sainz,Ferrari,8.0,91.653,90.009,90.215,
2021,Bahrain Grand Prix,14,ALO,alonso,Alpine,9.0,90.863,90.595,90.249,
2021,Bahrain Grand Prix,18,STR,stroll,Aston Martin,10.0,91.261,90.624,90.601,
2021,Bahrain Grand Prix,11,PER,perez,Red Bull Racing,11.0,91.165,90.659,,
2021,Bahrain Grand Prix,99,GIO,giovinazzi,Alfa Romeo Racing,12.0,90.998,90.708,,
2021,Bahrain Grand Prix,22,TSU,tsunoda,AlphaTauri,13.0,90.607,91.203,,
2021,Bahrain Grand Prix,7,RAI,raikkonen,Alfa Romeo Racing,14.0,91.547,91.238,,
2021,Bahrain Grand Prix,63,RUS,russell,Williams,15.0,91.316,93.43,,
2021,Bahrain Grand Prix,31,OCO,ocon,Alpine,16.0,91.724,,,
2021,Bahrain Grand Prix,6,LAT,latifi,Williams,17.0,91.936,,,
2021,Bahrain Grand Prix,5,VET,vettel,Aston Martin,18.0,92.056,,,
2021,Bahrain Grand Prix,47,MSC,mick_schumacher,Haas F1 Team,19.0,92.449,,,
2021,Bahrain Grand Prix,9,MAZ,mazepin,Haas F1 Team,20.0,93.273,,,
2021,Emilia Romagna Grand Prix,44,HAM,hamilton,Mercedes,1.0,74.823,74.817,74.411,
2021,Emilia Romagna Grand Prix,11,PER,perez,Red Bull Racing,2.0,75.395,74.716,74.446,
2021,Emilia Romagna Grand Prix,33,VER,max_verstappen,Red Bull Racing,3.0,75.109,74.884,74.498,
2021,Emilia Romagna Grand Prix,16,LEC,leclerc,Ferrari,4.0,75.413,74.808,74.74,
2021,Emilia Romagna Grand Prix,10,GAS,gasly,AlphaTauri,5.0,75.548,74.927,74.79,
2021,Emilia Romagna Grand Prix,3,RIC,ricciardo,McLaren,6.0,75.669,75.033,74.826,
2021,Emilia Romagna Grand Prix,4,NOR,norris,McLaren,7.0,75.009,74.718,74.875,
2021,Emilia Romagna Grand Prix,77,BOT,bottas,Mercedes,8.0,74.672,74.905,74.898,
2021,Emilia Romagna Grand Prix,31,OCO,ocon,Alpine,9.0,75.385,75.117,75.21,
2021,Emilia Romagna Grand Prix,18,STR,stroll,Aston Martin,10.0,75.522,75.138,,
2021,Emilia Romagna Grand Prix,55,SAI,sainz,Ferrari,11.0,75.406,75.199,,
2021,Emilia Romagna Grand Prix,63,RUS,russell,Williams,12.0,75.826,75.261,,
2021,Emilia Romagna Grand Prix,5,VET,vettel,Aston Martin,13.0,75.459,75.394,,
2021,Emilia Romagna Grand Prix,6,LAT,latifi,Williams,14.0,75.653,75.593,,
2021,Emilia Romagna Grand Prix,14,ALO,alonso,Alpine,15.0,75.832,75.593,,
2021,Emilia Romagna Grand Prix,7,RAI,raikkonen,Alfa Romeo Racing,16.0,75.974,,,
2021,Emilia Romagna Grand Prix,99,GIO,giovinazzi,Alfa Romeo Racing,17.0,76.122,,,
2021,Emilia Romagna Grand Prix,47,MSC,mick_schumacher,Haas F1 Team,18.0,76.279,,,
2021,Emilia Romagna Grand Prix,9,MAZ,mazepin,Haas F1 Team,19.0,76.797,,,
2021,Emilia Romagna Grand Prix,22,TSU,tsunoda,AlphaTauri,20.0,,,,
2021,Portuguese Grand Prix,77,BOT,bottas,Mercedes,1.0,78.722,78.458,78.348,
2021,Portuguese Grand Prix,44,HAM,hamilton,Mercedes,2.0,78.857,77.968,78.355,
2021,Portuguese Grand Prix,33,VER,max_verstappen,Red Bull Racing,3.0,79.485,78.65,78.746,
2021,Portuguese Grand Prix,11,PER,perez,Red Bull Racing,4.0,79.337,78.845,78.89,
2021,Portuguese Grand Prix,55,SAI,sainz,Ferrari,5.0,79.309,78.813,79.039,
2021,Portuguese Grand Prix,31,OCO,ocon,Alpine,6.0,79.092,78.586,79.042,
2021,Portuguese Grand Prix,4,NOR,norris,McLaren,7.0,78.794,78.481,79.116,
2021,Portuguese Grand Prix,16,LEC,leclerc,Ferrari,8.0,79.373,78.769,79.306,
2021,Portuguese Grand Prix,10,GAS,gasly,AlphaTauri,9.0,79.464,79.052,79.475,
2021,Portuguese Grand Prix,5,VET,vettel,Aston Martin,10.0,79.403,78.97,79.659,
2021,Portuguese Grand Prix,63,RUS,russell,Williams,11.0,79.797,79.109,,
2021,Portuguese Grand Prix,99,GIO,giovinazzi,Alfa Romeo Racing,12.0,79.41,79.216,,
2021,Portuguese Grand Prix,14,ALO,alonso,Alpine,13.0,79.728,79.456,,
2021,Portuguese Grand Prix,22,TSU,tsunoda,AlphaTauri,14.0,79.684,79.463,,
2021,Portuguese Grand Prix,7,RAI,raikkonen,Alfa Romeo Racing,15.0,79.748,79.812,,
2021,Portuguese Grand Prix,3,RIC,ricciardo,McLaren,16.0,79.839,,,
2021,Portuguese Grand Prix,18,STR,stroll,Aston Martin,17.0,79.913,,,
2021,Portuguese Grand Prix,6,LAT,latifi,Williams,18.0,80.285,,,
2021,Portuguese Grand Prix,47,MSC,mick_schumacher,Haas F1 Team,19.0,80.452,,,
2021,Portuguese Grand Prix,9,MAZ,mazepin,Haas F1 Team,20.0,80.912,,,
2021,Spanish Grand Prix,44,HAM,hamilton,Mercedes,1.0,78.245,77.166,76.741,
2021,Spanish Grand Prix,33,VER,max_verstappen,Red Bull Racing,2.0,78.09,76.922,76.777,
2021,Spanish Grand Prix,77,BOT,bottas,Mercedes,3.0,78.005,77.142,76.873,
2021,Spanish Grand Prix,16,LEC,leclerc,Ferrari,4.0,78.041,77.717,77.51,
2021,Spanish Grand Prix,31,OCO,ocon,Alpine,5.0,78.281,77.743,77.58,
2021,Spanish Grand Prix,55,SAI,sainz,Ferrari,6.0,78.205,77.656,77.62,
2021,Spanish Grand Prix,3,RIC,ricciardo,McLaren,7.0,78.264,77.719,77.622,
2021,Spanish Grand Prix,11,PER,perez,Red Bull Racing,8.0,78.203,77.669,77.701,
2021,Spanish Grand Prix,4,NOR,norris,McLaren,9.0,77.821,77.696,78.01,
2021,Spanish Grand Prix,14,ALO,alonso,Alpine,10.0,78.281,77.966,78.147,
2021,Spanish Grand Prix,18,STR,stroll,Aston Martin,11.0,78.241,77.974,,
2021,Spanish Grand Prix,10,GAS,gasly,AlphaTauri,12.0,78.19,77.982,,
2021,Spanish Grand Prix,5,VET,vettel,Aston Martin,13.0,78.289,78.079,,
2021,Spanish Grand Prix,99,GIO,giovinazzi,Alfa Romeo Racing,14.0,78.549,78.356,,
2021,Spanish Grand Prix,63,RUS,russell,Williams,15.0,78.445,79.154,,
2021,Spanish Grand Prix,22,TSU,tsunoda,AlphaTauri,16.0,78.556,,,
2021,Spanish Grand Prix,7,RAI,raikkonen,Alfa Romeo Racing,17.0,78.917,,,
2021,Spanish Grand Prix,47,MSC,mick_schumacher,Haas F1 Team,18.0,79.117,,,
2021,Spanish Grand Prix,6,LAT,latifi,Williams,19.0,79.219,,,
2021,Spanish Grand Prix,9,MAZ,mazepin,Haas F1 Team,20.0,79.807,,,
2021,Monaco Grand Prix,16,LEC,leclerc,Ferrari,1.0,71.113,70.597,70.346,
2021,Monaco Grand Prix,33,VER,max_verstappen,Red Bull Racing,2.0,71.124,70.65,70.576,
2021,Monaco Grand Prix,77,BOT,bottas,Mercedes,3.0,70.938,70.695,70.601,
2021,Monaco Grand Prix,55,SAI,sainz,Ferrari,4.0,71.324,70.806,70.611,
2021,Monaco Grand Prix,4,NOR,norris,McLaren,5.0,71.321,71.031,70.62,
2021,Monaco Grand Prix,10,GAS,gasly,AlphaTauri,6.0,71.56,71.179,70.9,
2021,Monaco Grand Prix,44,HAM,hamilton,Mercedes,7.0,71.622,71.116,71.095,
2021,Monaco Grand Prix,5,VET,vettel,Aston Martin,8.0,72.078,71.309,71.419,
2021,Monaco Grand Prix,11,PER,perez,Red Bull Racing,9.0,71.644,71.019,71.573,
2021,Monaco Grand Prix,99,GIO,giovinazzi,Alfa Romeo Racing,10.0,71.658,71.409,71.779,
2021,Monaco Grand Prix,31,OCO,ocon,Alpine,11.0,71.74,71.486,,
2021,Monaco Grand Prix,3,RIC,ricciardo,McLaren,12.0,71.747,71.598,,
2021,Monaco Grand Prix,18,STR,stroll,Aston Martin,13.0,71.979,71.6,,
2021,Monaco Grand Prix,7,RAI,raikkonen,Alfa Romeo Racing,14.0,71.899,71.642,,
2021,Monaco Grand Prix,63,RUS,russell,Williams,15.0,72.016,71.83,,
2021,Monaco Grand Prix,22,TSU,tsunoda,AlphaTauri,16.0,72.096,,,
2021,Monaco Grand Prix,14,ALO,alonso,Alpine,17.0,72.205,,,
2021,Monaco Grand Prix,6,LAT,latifi,Williams,18.0,72.366,,,
2021,Monaco Grand Prix,9,MAZ,mazepin,Haas F1 Team,19.0,72.958,,,
2021,Monaco Grand Prix,47,MSC,,Haas F1 Team,,,,,
2021,Azerbaijan Grand Prix,16,LEC,leclerc,Ferrari,1.0,102.241,101.659,101.218,
2021,Azerbaijan Grand Prix,44,HAM,hamilton,Mercedes,2.0,101.545,101.634,101.45,
2021,Azerbaijan Grand Prix,33,VER,max_verstappen,Red Bull Racing,3.0,101.76,101.625,101.563,
2021,Azerbaijan Grand Prix,10,GAS,gasly,AlphaTauri,4.0,102.288,101.932,101.565,
2021,Azerbaijan Grand Prix,55,SAI,sainz,Ferrari,5.0,102.121,101.74,101.576,
2021,Azerbaijan Grand Prix,4,NOR,norris,McLaren,6.0,102.167,101.813,101.747,
2021,Azerbaijan Grand Prix,11,PER,perez,Red Bull Racing,7.0,101.968,101.63,101.917,
2021,Azerbaijan Grand Prix,22,TSU,tsunoda,AlphaTauri,8.0,102.521,101.654,102.211,
2021,Azerbaijan Grand Prix,14,ALO,alonso,Alpine,9.0,102.934,102.195,102.327,
2021,Azerbaijan Grand Prix,77,BOT,bottas,Mercedes,10.0,102.701,102.106,102.659,
2021,Azerbaijan Grand Prix,5,VET,vettel,Aston Martin,11.0,102.46,102.224,,
2021,Azerbaijan Grand Prix,31,OCO,ocon,Alpine,12.0,102.426,102.273,,
2021,Azerbaijan Grand Prix,3,RIC,ricciardo,McLaren,13.0,102.304,102.558,,
2021,Azerbaijan Grand Prix,7,RAI,raikkonen,Alfa Romeo Racing,14.0,102.923,102.587,,
2021,Azerbaijan Grand Prix,63,RUS,russell,Williams,15.0,102.728,102.758,,
2021,Azerbaijan Grand Prix,6,LAT,latifi,Williams,16.0,103.128,,,
2021,Azerbaijan Grand Prix,47,MSC,mick_schumacher,Haas F1 Team,17.0,104.158,,,
2021,Azerbaijan Grand Prix,9,MAZ,mazepin,Haas F1 Team,18.0,104.238,,,
2021,Azerbaijan Grand Prix,18,STR,stroll,Aston Martin,19.0,,,,
2021,Azerbaijan Grand Prix,99,GIO,giovinazzi,Alfa Romeo Racing,20.0,,,,
2021,French Grand Prix,33,VER,max_verstappen,Red Bull Racing,1.0,91.001,91.08,89.99,
2021,French Grand Prix,44,HAM,hamilton,Mercedes,2.0,91.237,90.788,90.248,
2021,French Grand Prix,77,BOT,bottas,Mercedes,3.0,91.669,90.735,90.376,
2021,French Grand Prix,11,PER,perez,Red Bull Racing,4.0,91.56,90.971,90.445,
2021,French Grand Prix,55,SAI,sainz,Ferrari,5.0,92.079,91.146,90.84,
2021,French Grand Prix,10,GAS,gasly,AlphaTauri,6.0,91.898,91.353,90.868,
2021,French Grand Prix,16,LEC,leclerc,Ferrari,7.0,92.209,91.567,90.987,
2021,French Grand Prix,4,NOR,norris,McLaren,8.0,91.733,91.542,91.252,
2021,French Grand Prix,14,ALO,alonso,Alpine,9.0,92.158,91.549,91.34,
2021,French Grand Prix,3,RIC,ricciardo,McLaren,10.0,92.181,91.615,91.382,
2021,French Grand Prix,31,OCO,ocon,Alpine,11.0,92.139,91.736,,
2021,French Grand Prix,5,VET,vettel,Aston Martin,12.0,92.132,91.767,,
2021,French Grand Prix,99,GIO,giovinazzi,Alfa Romeo Racing,13.0,92.722,91.813,,
2021,French Grand Prix,63,RUS,russell,Williams,14.0,93.06,92.065,,
2021,French Grand Prix,47,MSC,mick_schumacher,Haas F1 Team,15.0,92.942,,,
2021,French Grand Prix,6,LAT,latifi,Williams,16.0,93.062,,,
2021,French Grand Prix,7,RAI,raikkonen,Alfa Romeo Racing,17.0,93.354,,,
2021,French Grand Prix,9,MAZ,mazepin,Haas F1 Team,18.0,93.554,,,
2021,French Grand Prix,18,STR,stroll,Aston Martin,19.0,,,,
2021,French Grand Prix,22,TSU,tsunoda,AlphaTauri,20.0,,,,
2021,Styrian Grand Prix,33,VER,max_verstappen,Red Bull Racing,1.0,64.489,64.433,63.841,
2021,Styrian Grand Prix,77,BOT,bottas,Mercedes,2.0,64.537,64.443,64.035,
2021,Styrian Grand Prix,44,HAM,hamilton,Mercedes,3.0,64.672,64.512,64.067,
2021,Styrian Grand Prix,4,NOR,norris,McLaren,4.0,64.584,64.298,64.12,
2021,Styrian Grand Prix,11,PER,perez,Red Bull Racing,5.0,64.638,64.197,64.168,
2021,Styrian Grand Prix,10,GAS,gasly,AlphaTauri,6.0,64.765,64.429,64.236,
2021,Styrian Grand Prix,16,LEC,leclerc,Ferrari,7.0,64.745,64.646,64.472,
2021,Styrian Grand Prix,22,TSU,tsunoda,AlphaTauri,8.0,64.608,64.631,64.514,
2021,Styrian Grand Prix,14,ALO,alonso,Alpine,9.0,64.971,64.582,64.574,
2021,Styrian Grand Prix,18,STR,stroll,Aston Martin,10.0,64.821,64.663,64.708,
2021,Styrian Grand Prix,63,RUS,russell,Williams,11.0,65.033,64.671,,
2021,Styrian Grand Prix,55,SAI,sainz,Ferrari,12.0,64.859,64.8,,
2021,Styrian Grand Prix,3,RIC,ricciardo,McLaren,13.0,65.142,64.808,,
2021,Styrian Grand Prix,5,VET,vettel,Aston Martin,14.0,65.051,64.875,,
2021,Styrian Grand Prix,99,GIO,giovinazzi,Alfa Romeo Racing,15.0,65.092,64.913,,
2021,Styrian Grand Prix,6,LAT,latifi,Williams,16.0,65.175,,,
2021,Styrian Grand Prix,31,OCO,ocon,Alpine,17.0,65.217,,,
2021,Styrian Grand Prix,7,RAI,raikkonen,Alfa Romeo Racing,18.0,65.429,,,
2021,Styrian Grand Prix,47,MSC,mick_schumacher,Haas F1 Team,19.0,66.041,,,
2021,Styrian Grand Prix,9,MAZ,mazepin,Haas F1 Team,20.0,66.192,,,
2021,Austrian Grand Prix,33,VER,max_verstappen,Red Bull Racing,1.0,64.249,63.927,63.72,
2021,Austrian Grand Prix,4,NOR,norris,McLaren,2.0,64.345,64.415,63.768,
2021,Austrian Grand Prix,11,PER,perez,Red Bull Racing,3.0,64.833,64.483,63.99,
2021,Austrian Grand Prix,44,HAM,hamilton,Mercedes,4.0,64.506,64.258,64.014,
2021,Austrian Grand Prix,77,BOT,bottas,Mercedes,5.0,64.563,64.376,64.049,
2021,Austrian Grand Prix,10,GAS,gasly,AlphaTauri,6.0,64.841,64.412,64.107,
2021,Austrian Grand Prix,22,TSU,tsunoda,AlphaTauri,7.0,64.967,64.518,64.273,
2021,Austrian Grand Prix,5,VET,vettel,Aston Martin,8.0,64.846,64.493,64.57,
2021,Austrian Grand Prix,63,RUS,russell,Williams,9.0,64.907,64.553,64.591,
2021,Austrian Grand Prix,18,STR,stroll,Aston Martin,10.0,64.927,64.547,64.618,
2021,Austrian Grand Prix,55,SAI,sainz,Ferrari,11.0,64.596,64.559,,
2021,Austrian Grand Prix,16,LEC,leclerc,Ferrari,12.0,64.906,64.6,,
2021,Austrian Grand Prix,3,RIC,ricciardo,McLaren,13.0,64.977,64.719,,
2021,Austrian Grand Prix,14,ALO,alonso,Alpine,14.0,64.472,64.856,,
2021,Austrian Grand Prix,99,GIO,giovinazzi,Alfa Romeo Racing,15.0,64.782,65.083,,
2021,Austrian Grand Prix,7,RAI,raikkonen,Alfa Romeo Racing,16.0,65.009,,,
2021,Austrian Grand Prix,31,OCO,ocon,Alpine,17.0,65.051,,,
2021,Austrian Grand Prix,6,LAT,latifi,Williams,18.0,65.195,,,
2021,Austrian Grand Prix,47,MSC,mick_schumacher,Haas F1 Team,19.0,65.427,,,
2021,Austrian Grand Prix,9,MAZ,mazepin,Haas F1 Team,20.0,65.951,,,
2021,British Grand Prix,44,HAM,hamilton,Mercedes,1.0,86.786,86.023,86.134,
2021,British Grand Prix,33,VER,max_verstappen,Red Bull Racing,2.0,86.751,86.315,86.209,
2021,British Grand Prix,77,BOT,bottas,Mercedes,3.0,87.487,86.764,86.328,
2021,British Grand Prix,16,LEC,leclerc,Ferrari,4.0,87.051,86.919,86.828,
2021,British Grand Prix,11,PER,perez,Red Bull Racing,5.0,87.121,87.073,86.844,
2021,British Grand Prix,4,NOR,norris,McLaren,6.0,87.444,87.22,86.897,
2021,British Grand Prix,3,RIC,ricciardo,McLaren,7.0,87.323,87.125,86.899,
2021,British Grand Prix,63,RUS,russell,Williams,8.0,87.671,87.08,86.971,
2021,British Grand Prix,55,SAI,sainz,Ferrari,9.0,87.337,86.848,87.007,
2021,British Grand Prix,5,VET,vettel,Aston Martin,10.0,87.493,87.103,87.179,
2021,British Grand Prix,14,ALO,alonso,Alpine,11.0,87.58,87.245,,
2021,British Grand Prix,10,GAS,gasly,AlphaTauri,12.0,87.6,87.273,,
2021,British Grand Prix,31,OCO,ocon,Alpine,13.0,87.415,87.34,,
2021,British Grand Prix,99,GIO,giovinazzi,Alfa Romeo Racing,14.0,87.595,87.617,,
2021,British Grand Prix,18,STR,stroll,Aston Martin,15.0,88.017,87.665,,
2021,British Grand Prix,22,TSU,tsunoda,AlphaTauri,16.0,88.043,,,
2021,British Grand Prix,7,RAI,raikkonen,Alfa Romeo Racing,17.0,88.062,,,
2021,British Grand Prix,6,LAT,latifi,Williams,18.0,88.254,,,
2021,British Grand Prix,47,MSC,mick_schumacher,Haas F1 Team,19.0,88.738,,,
2021,British Grand Prix,9,MAZ,mazepin,Haas F1 Team,20.0,89.051,,,
2021,Hungarian Grand Prix,44,HAM,hamilton,Mercedes,1.0,76.424,76.553,75.419,
2021,Hungarian Grand Prix,77,BOT,bottas,Mercedes,2.0,76.569,76.702,75.734,
2021,Hungarian Grand Prix,33,VER,max_verstappen,Red Bull Racing,3.0,76.214,75.65,75.84,
2021,Hungarian Grand Prix,11,PER,perez,Red Bull Racing,4.0,77.233,76.443,76.421,
2021,Hungarian Grand Prix,10,GAS,gasly,AlphaTauri,5.0,76.874,76.394,76.483,
2021,Hungarian Grand Prix,4,NOR,norris,McLaren,6.0,77.081,76.385,76.489,
2021,Hungarian Grand Prix,16,LEC,leclerc,Ferrari,7.0,77.084,76.574,76.496,
2021,Hungarian Grand Prix,31,OCO,ocon,Alpine,8.0,77.367,76.766,76.653,
2021,Hungarian Grand Prix,14,ALO,alonso,Alpine,9.0,77.123,76.541,76.715,
2021,Hungarian Grand Prix,5,VET,vettel,Aston Martin,10.0,77.105,76.794,76.75,
2021,Hungarian Grand Prix,3,RIC,ricciardo,McLaren,11.0,77.664,76.871,,
2021,Hungarian Grand Prix,18,STR,stroll,Aston Martin,12.0,77.038,76.893,,
2021,Hungarian Grand Prix,7,RAI,raikkonen,Alfa Romeo Racing,13.0,77.553,77.564,,
2021,Hungarian Grand Prix,99,GIO,giovinazzi,Alfa Romeo Racing,14.0,77.776,77.583,,
2021,Hungarian Grand Prix,55,SAI,sainz,Ferrari,15.0,76.649,,,
2021,Hungarian Grand Prix,22,TSU,tsunoda,AlphaTauri,16.0,77.919,,,
2021,Hungarian Grand Prix,63,RUS,russell,Williams,17.0,77.944,,,
2021,Hungarian Grand Prix,6,LAT,latifi,Williams,18.0,78.036,,,
2021,Hungarian Grand Prix,9,MAZ,mazepin,Haas F1 Team,19.0,78.922,,,
2021,Hungarian Grand Prix,47,MSC,mick_schumacher,Haas F1 Team,20.0,,,,
2021,Belgian Grand Prix,33,VER,max_verstappen,Red Bull Racing,1.0,118.717,116.559,119.765,
2021,Belgian Grand Prix,63,RUS,russell,Williams,2.0,119.864,116.95,120.086,
2021,Belgian Grand Prix,44,HAM,hamilton,Mercedes,3.0,119.218,116.229,120.099,
2021,Belgian Grand Prix,3,RIC,ricciardo,McLaren,4.0,121.583,117.127,120.864,
2021,Belgian Grand Prix,5,VET,vettel,Aston Martin,5.0,120.175,116.814,120.935,
2021,Belgian Grand Prix,10,GAS,gasly,AlphaTauri,6.0,120.387,116.44,121.164,
2021,Belgian Grand Prix,11,PER,perez,Red Bull Racing,7.0,119.334,116.886,122.112,
2021,Belgian Grand Prix,77,BOT,bottas,Mercedes,8.0,119.87,116.295,122.502,
2021,Belgian Grand Prix,31,OCO,ocon,Alpine,9.0,121.824,117.354,123.513,
2021,Belgian Grand Prix,4,NOR,norris,McLaren,10.0,118.301,116.025,,
2021,Belgian Grand Prix,16,LEC,leclerc,Ferrari,11.0,120.728,117.721,,
2021,Belgian Grand Prix,6,LAT,latifi,Williams,12.0,120.966,118.056,,
2021,Belgian Grand Prix,55,SAI,sainz,Ferrari,13.0,121.184,118.137,,
2021,Belgian Grand Prix,14,ALO,alonso,Alpine,14.0,121.653,118.205,,
2021,Belgian Grand Prix,18,STR,stroll,Aston Martin,15.0,121.597,118.231,,
2021,Belgian Grand Prix,99,GIO,giovinazzi,Alfa Romeo Racing,16.0,122.306,,,
2021,Belgian Grand Prix,22,TSU,tsunoda,AlphaTauri,17.0,122.413,,,
2021,Belgian Grand Prix,47,MSC,mick_schumacher,Haas F1 Team,18.0,123.973,,,
2021,Belgian Grand Prix,7,RAI,raikkonen,Alfa Romeo Racing,19.0,124.452,,,
2021,Belgian Grand Prix,9,MAZ,mazepin,Haas F1 Team,20.0,124.939,,,
2021,Dutch Grand Prix,33,VER,max_verstappen,Red Bull Racing,1.0,70.036,69.071,68.885,
2021,Dutch Grand Prix,44,HAM,hamilton,Mercedes,2.0,70.114,69.726,68.923,
2021,Dutch Grand Prix,77,BOT,bottas,Mercedes,3.0,70.219,69.769,69.222,
2021,Dutch Grand Prix,10,GAS,gasly,AlphaTauri,4.0,70.274,69.541,69.478,
2021,Dutch Grand Prix,16,LEC,leclerc,Ferrari,5.0,69.829,69.437,69.527,
2021,Dutch Grand Prix,55,SAI,sainz,Ferrari,6.0,70.022,69.87,69.537,
2021,Dutch Grand Prix,99,GIO,giovinazzi,Alfa Romeo Racing,7.0,70.05,70.033,69.59,
2021,Dutch Grand Prix,31,OCO,ocon,Alpine,8.0,70.179,69.919,69.933,
2021,Dutch Grand Prix,14,ALO,alonso,Alpine,9.0,70.435,70.02,69.956,
2021,Dutch Grand Prix,3,RIC,ricciardo,McLaren,10.0,70.255,69.865,70.166,
2021,Dutch Grand Prix,63,RUS,russell,Williams,11.0,70.382,70.332,,
2021,Dutch Grand Prix,18,STR,stroll,Aston Martin,12.0,70.438,70.367,,
2021,Dutch Grand Prix,4,NOR,norris,McLaren,13.0,70.489,70.406,,
2021,Dutch Grand Prix,6,LAT,latifi,Williams,14.0,70.093,71.161,,
2021,Dutch Grand Prix,22,TSU,tsunoda,AlphaTauri,15.0,70.462,71.314,,
2021,Dutch Grand Prix,11,PER,perez,Red Bull Racing,16.0,70.53,,,
2021,Dutch Grand Prix,5,VET,vettel,Aston Martin,17.0,70.731,,,
2021,Dutch Grand Prix,88,KUB,kubica,Alfa Romeo Racing,18.0,71.301,,,
2021,Dutch Grand Prix,47,MSC,mick_schumacher,Haas F1 Team,19.0,71.387,,,
2021,Dutch Grand Prix,9,MAZ,mazepin,Haas F1 Team,20.0,71.875,,,
2021,Italian Grand Prix,77,BOT,bottas,Mercedes,1.0,80.685,80.032,79.555,
2021,Italian Grand Prix,44,HAM,hamilton,Mercedes,2.0,80.543,79.936,79.651,
2021,Italian Grand Prix,33,VER,max_verstappen,Red Bull Racing,3.0,81.035,80.229,79.966,
2021,Italian Grand Prix,4,NOR,norris,McLaren,4.0,80.916,80.059,79.989,
2021,Italian Grand Prix,3,RIC,ricciardo,McLaren,5.0,81.292,80.435,79.995,
2021,Italian Grand Prix,10,GAS,gasly,AlphaTauri,6.0,81.44,80.556,80.26,
2021,Italian Grand Prix,55,SAI,sainz,Ferrari,7.0,81.118,80.75,80.462,
2021,Italian Grand Prix,16,LEC,leclerc,Ferrari,8.0,81.219,80.767,80.51,
2021,Italian Grand Prix,11,PER,perez,Red Bull Racing,9.0,81.308,80.882,80.611,
2021,Italian Grand Prix,99,GIO,giovinazzi,Alfa Romeo Racing,10.0,81.197,80.726,80.808,
2021,Italian Grand Prix,5,VET,vettel,Aston Martin,11.0,81.394,80.913,,
2021,Italian Grand Prix,18,STR,stroll,Aston Martin,12.0,81.415,81.02,,
2021,Italian Grand Prix,14,ALO,alonso,Alpine,13.0,81.487,81.069,,
2021,Italian Grand Prix,31,OCO,ocon,Alpine,14.0,81.5,81.103,,
2021,Italian Grand Prix,63,RUS,russell,Williams,15.0,81.89,81.392,,
2021,Italian Grand Prix,6,LAT,latifi,Williams,16.0,81.925,,,
2021,Italian Grand Prix,22,TSU,tsunoda,AlphaTauri,17.0,81.973,,,
2021,Italian Grand Prix,47,MSC,mick_schumacher,Haas F1 Team,18.0,82.248,,,
2021,Italian Grand Prix,88,KUB,kubica,Alfa Romeo Racing,19.0,82.53,,,
2021,Italian Grand Prix,9,MAZ,mazepin,Haas F1 Team,20.0,82.716,,,
2021,Russian Grand Prix,4,NOR,norris,McLaren,1.0,107.238,105.827,101.993,
2021,Russian Grand Prix,55,SAI,sainz,Ferrari,2.0,107.924,106.521,102.51,
2021,Russian Grand Prix,63,RUS,russell,Williams,3.0,108.303,106.435,102.983,
2021,Russian Grand Prix,44,HAM,hamilton,Mercedes,4.0,105.992,105.129,104.05,
2021,Russian Grand Prix,3,RIC,ricciardo,McLaren,5.0,108.345,106.361,104.156,
2021,Russian Grand Prix,14,ALO,alonso,Alpine,6.0,107.877,105.514,104.204,
2021,Russian Grand Prix,77,BOT,bottas,Mercedes,7.0,106.396,105.306,104.71,
2021,Russian Grand Prix,18,STR,stroll,Aston Martin,8.0,108.322,106.36,104.956,
2021,Russian Grand Prix,11,PER,perez,Red Bull Racing,9.0,106.455,105.834,105.337,
2021,Russian Grand Prix,31,OCO,ocon,Alpine,10.0,108.099,106.07,105.865,
2021,Russian Grand Prix,5,VET,vettel,Aston Martin,11.0,107.205,106.573,,
2021,Russian Grand Prix,10,GAS,gasly,AlphaTauri,12.0,107.828,106.641,,
2021,Russian Grand Prix,22,TSU,tsunoda,AlphaTauri,13.0,108.854,106.751,,
2021,Russian Grand Prix,6,LAT,latifi,Williams,14.0,108.252,,,
2021,Russian Grand Prix,16,LEC,leclerc,Ferrari,15.0,108.47,,,
2021,Russian Grand Prix,7,RAI,raikkonen,Alfa Romeo Racing,16.0,109.586,,,
2021,Russian Grand Prix,47,MSC,mick_schumacher,Haas F1 Team,17.0,109.83,,,
2021,Russian Grand Prix,99,GIO,giovinazzi,Alfa Romeo Racing,18.0,111.023,,,
2021,Russian Grand Prix,9,MAZ,mazepin,Haas F1 Team,19.0,113.764,,,
2021,Russian Grand Prix,33,VER,max_verstappen,Red Bull Racing,20.0,,,,
2021,Turkish Grand Prix,44,HAM,hamilton,Mercedes,1.0,84.585,83.082,82.868,
2021,Turkish Grand Prix,77,BOT,bottas,Mercedes,2.0,85.047,83.579,82.998,
2021,Turkish Grand Prix,33,VER,max_verstappen,Red Bull Racing,3.0,84.592,83.732,83.196,
2021,Turkish Grand Prix,16,LEC,leclerc,Ferrari,4.0,84.869,84.015,83.265,
2021,Turkish Grand Prix,10,GAS,gasly,AlphaTauri,5.0,84.704,83.817,83.326,
2021,Turkish Grand Prix,14,ALO,alonso,Alpine,6.0,85.174,83.914,83.477,
2021,Turkish Grand Prix,11,PER,perez,Red Bull Racing,7.0,84.963,83.961,83.706,
2021,Turkish Grand Prix,4,NOR,norris,McLaren,8.0,85.138,84.642,83.954,
2021,Turkish Grand Prix,18,STR,stroll,Aston Martin,9.0,85.511,84.601,84.305,
2021,Turkish Grand Prix,22,TSU,tsunoda,AlphaTauri,10.0,85.409,84.054,84.368,
2021,Turkish Grand Prix,5,VET,vettel,Aston Martin,11.0,85.787,84.795,,
2021,Turkish Grand Prix,31,OCO,ocon,Alpine,12.0,85.422,84.842,,
2021,Turkish Grand Prix,63,RUS,russell,Williams,13.0,85.417,85.007,,
2021,Turkish Grand Prix,47,MSC,mick_schumacher,Haas F1 Team,14.0,85.555,85.2,,
2021,Turkish Grand Prix,55,SAI,sainz,Ferrari,15.0,85.177,,,
2021,Turkish Grand Prix,3,RIC,ricciardo,McLaren,16.0,85.881,,,
2021,Turkish Grand Prix,6,LAT,latifi,Williams,17.0,86.086,,,
2021,Turkish Grand Prix,99,GIO,giovinazzi,Alfa Romeo Racing,18.0,86.43,,,
2021,Turkish Grand Prix,7,RAI,raikkonen,Alfa Romeo Racing,19.0,87.525,,,
2021,Turkish Grand Prix,9,MAZ,mazepin,Haas F1 Team,20.0,88.449,,,
2021,United States Grand Prix,33,VER,max_verstappen,Red Bull Racing,1.0,94.352,93.464,92.91,
2021,United States Grand Prix,44,HAM,hamilton,Mercedes,2.0,94.579,93.797,93.119,
2021,United States Grand Prix,11,PER,perez,Red Bull Racing,3.0,94.369,94.178,93.134,
2021,United States Grand Prix,77,BOT,bottas,Mercedes,4.0,94.59,93.959,93.475,
2021,United States Grand Prix,16,LEC,leclerc,Ferrari,5.0,94.153,93.928,93.606,
2021,United States Grand Prix,55,SAI,sainz,Ferrari,6.0,94.558,94.126,93.792,
2021,United States Grand Prix,3,RIC,ricciardo,McLaren,7.0,94.407,94.643,93.808,
2021,United States Grand Prix,4,NOR,norris,McLaren,8.0,94.551,93.88,93.887,
2021,United States Grand Prix,10,GAS,gasly,AlphaTauri,9.0,94.567,94.583,94.118,
2021,United States Grand Prix,22,TSU,tsunoda,AlphaTauri,10.0,95.36,95.137,94.918,
2021,United States Grand Prix,31,OCO,ocon,Alpine,11.0,95.747,95.377,,
2021,United States Grand Prix,5,VET,vettel,Aston Martin,12.0,95.281,95.5,,
2021,United States Grand Prix,99,GIO,giovinazzi,Alfa Romeo Racing,13.0,95.92,95.794,,
2021,United States Grand Prix,14,ALO,alonso,Alpine,14.0,95.756,104.549,,
2021,United States Grand Prix,63,RUS,russell,Williams,15.0,95.746,,,
2021,United States Grand Prix,18,STR,stroll,Aston Martin,16.0,95.983,,,
2021,United States Grand Prix,6,LAT,latifi,Williams,17.0,95.995,,,
2021,United States Grand Prix,7,RAI,raikkonen,Alfa Romeo Racing,18.0,96.311,,,
2021,United States Grand Prix,47,MSC,mick_schumacher,Haas F1 Team,19.0,96.499,,,
2021,United States Grand Prix,9,MAZ,mazepin,Haas F1 Team,20.0,96.796,,,
2021,Mexico City Grand Prix,77,BOT,bottas,Mercedes,1.0,76.727,76.864,75.875,
2021,Mexico City Grand Prix,44,HAM,hamilton,Mercedes,2.0,77.207,76.474,76.02,
2021,Mexico City Grand Prix,33,VER,max_verstappen,Red Bull Racing,3.0,76.788,76.483,76.225,
2021,Mexico City Grand Prix,11,PER,perez,Red Bull Racing,4.0,77.003,77.055,76.342,
2021,Mexico City Grand Prix,10,GAS,gasly,AlphaTauri,5.0,76.908,76.955,76.456,
2021,Mexico City Grand Prix,55,SAI,sainz,Ferrari,6.0,77.517,77.248,76.761,
2021,Mexico City Grand Prix,3,RIC,ricciardo,McLaren,7.0,77.719,77.092,76.763,
2021,Mexico City Grand Prix,16,LEC,leclerc,Ferrari,8.0,76.748,77.034,76.837,
2021,Mexico City Grand Prix,22,TSU,tsunoda,AlphaTauri,9.0,77.33,76.701,77.158,
2021,Mexico City Grand Prix,4,NOR,norris,McLaren,10.0,77.569,77.473,96.83,
2021,Mexico City Grand Prix,5,VET,vettel,Aston Martin,11.0,77.502,77.746,,
2021,Mexico City Grand Prix,7,RAI,raikkonen,Alfa Romeo Racing,12.0,77.606,77.958,,
2021,Mexico City Grand Prix,63,RUS,russell,Williams,13.0,77.958,78.172,,
2021,Mexico City Grand Prix,99,GIO,giovinazzi,Alfa Romeo Racing,14.0,77.897,78.29,,
2021,Mexico City Grand Prix,31,OCO,ocon,Alpine,15.0,78.126,78.405,,
2021,Mexico City Grand Prix,14,ALO,alonso,Alpine,16.0,78.452,,,
2021,Mexico City Grand Prix,6,LAT,latifi,Williams,17.0,78.756,,,
2021,Mexico City Grand Prix,47,MSC,mick_schumacher,Haas F1 Team,18.0,78.858,,,
2021,Mexico City Grand Prix,9,MAZ,mazepin,Haas F1 Team,19.0,79.303,,,
2021,Mexico City Grand Prix,18,STR,stroll,Aston Martin,20.0,80.873,,,
2021,São Paulo Grand Prix,44,HAM,hamilton,Mercedes,1.0,68.733,68.068,67.934,
2021,São Paulo Grand Prix,33,VER,max_verstappen,Red Bull Racing,2.0,69.329,68.499,68.372,
2021,São Paulo Grand Prix,77,BOT,bottas,Mercedes,3.0,69.04,68.426,68.469,
2021,São Paulo Grand Prix,11,PER,perez,Red Bull Racing,4.0,69.172,68.973,68.483,
2021,São Paulo Grand Prix,10,GAS,gasly,AlphaTauri,5.0,69.347,68.903,68.777,
2021,São Paulo Grand Prix,55,SAI,sainz,Ferrari,6.0,69.046,69.031,68.826,
2021,São Paulo Grand Prix,16,LEC,leclerc,Ferrari,7.0,69.155,68.859,68.96,
2021,São Paulo Grand Prix,4,NOR,norris,McLaren,8.0,69.365,69.03,68.98,
2021,São Paulo Grand Prix,3,RIC,ricciardo,McLaren,9.0,69.374,69.093,69.039,
2021,São Paulo Grand Prix,14,ALO,alonso,Alpine,10.0,69.391,69.137,69.113,
2021,São Paulo Grand Prix,31,OCO,ocon,Alpine,11.0,69.43,69.189,,
2021,São Paulo Grand Prix,5,VET,vettel,Aston Martin,12.0,69.451,69.399,,
2021,São Paulo Grand Prix,22,TSU,tsunoda,AlphaTauri,13.0,69.35,69.483,,
2021,São Paulo Grand Prix,7,RAI,raikkonen,Alfa Romeo Racing,14.0,69.598,69.503,,
2021,São Paulo Grand Prix,99,GIO,giovinazzi,Alfa Romeo Racing,15.0,69.342,70.227,,
2021,São Paulo Grand Prix,18,STR,stroll,Aston Martin,16.0,69.663,,,
2021,São Paulo Grand Prix,6,LAT,latifi,Williams,17.0,69.897,,,
2021,São Paulo Grand Prix,63,RUS,russell,Williams,18.0,69.953,,,
2021,São Paulo Grand Prix,47,MSC,mick_schumacher,Haas F1 Team,19.0,70.329,,,
2021,São Paulo Grand Prix,9,MAZ,mazepin,Haas F1 Team,20.0,70.589,,,
2021,Qatar Grand Prix,44,HAM,hamilton,Mercedes,1.0,81.901,81.682,80.827,
2021,Qatar Grand Prix,33,VER,max_verstappen,Red Bull Racing,2.0,81.996,81.984,81.282,
2021,Qatar Grand Prix,77,BOT,bottas,Mercedes,3.0,82.016,81.991,81.478,
2021,Qatar Grand Prix,10,GAS,gasly,AlphaTauri,4.0,82.535,81.728,81.64,
2021,Qatar Grand Prix,14,ALO,alonso,Alpine,5.0,82.422,81.894,81.67,
2021,Qatar Grand Prix,4,NOR,norris,McLaren,6.0,82.839,82.216,81.731,
2021,Qatar Grand Prix,55,SAI,sainz,Ferrari,7.0,82.304,82.241,81.84,
2021,Qatar Grand Prix,22,TSU,tsunoda,AlphaTauri,8.0,82.458,82.058,81.881,
2021,Qatar Grand Prix,31,OCO,ocon,Alpine,9.0,82.565,82.012,82.028,
2021,Qatar Grand Prix,5,VET,vettel,Aston Martin,10.0,82.549,82.146,82.785,
2021,Qatar Grand Prix,11,PER,perez,Red Bull Racing,11.0,82.398,82.346,,
2021,Qatar Grand Prix,18,STR,stroll,Aston Martin,12.0,82.551,82.46,,
2021,Qatar Grand Prix,16,LEC,leclerc,Ferrari,13.0,82.742,82.463,,
2021,Qatar Grand Prix,3,RIC,ricciardo,McLaren,14.0,82.688,82.597,,
2021,Qatar Grand Prix,63,RUS,russell,Williams,15.0,82.863,82.756,,
2021,Qatar Grand Prix,7,RAI,raikkonen,Alfa Romeo Racing,16.0,83.156,,,
2021,Qatar Grand Prix,6,LAT,latifi,Williams,17.0,83.213,,,
2021,Qatar Grand Prix,99,GIO,giovinazzi,Alfa Romeo Racing,18.0,83.262,,,
2021,Qatar Grand Prix,47,MSC,mick_schumacher,Haas F1 Team,19.0,83.407,,,
2021,Qatar Grand Prix,9,MAZ,mazepin,Haas F1 Team,20.0,85.859,,,
2021,Saudi Arabian Grand Prix,44,HAM,hamilton,Mercedes,1.0,88.466,87.712,87.511,
2021,Saudi Arabian Grand Prix,77,BOT,bottas,Mercedes,2.0,88.057,88.054,87.622,
2021,Saudi Arabian Grand Prix,33,VER,max_verstappen,Red Bull Racing,3.0,88.285,87.953,87.653,
2021,Saudi Arabian Grand Prix,16,LEC,leclerc,Ferrari,4.0,88.31,88.459,88.054,
2021,Saudi Arabian Grand Prix,11,PER,perez,Red Bull Racing,5.0,88.021,87.946,88.123,
2021,Saudi Arabian Grand Prix,10,GAS,gasly,AlphaTauri,6.0,88.401,88.314,88.125,
2021,Saudi Arabian Grand Prix,4,NOR,norris,McLaren,7.0,88.338,88.344,88.18,
2021,Saudi Arabian Grand Prix,22,TSU,tsunoda,AlphaTauri,8.0,88.503,88.222,88.442,
2021,Saudi Arabian Grand Prix,31,OCO,ocon,Alpine,9.0,88.752,88.574,88.647,
2021,Saudi Arabian Grand Prix,99,GIO,giovinazzi,Alfa Romeo Racing,10.0,88.899,88.616,88.754,
2021,Saudi Arabian Grand Prix,3,RIC,ricciardo,McLaren,11.0,88.216,88.668,,
2021,Saudi Arabian Grand Prix,7,RAI,raikkonen,Alfa Romeo Racing,12.0,88.856,88.885,,
2021,Saudi Arabian Grand Prix,14,ALO,alonso,Alpine,13.0,88.944,88.92,,
2021,Saudi Arabian Grand Prix,63,RUS,russell,Williams,14.0,88.926,89.054,,
2021,Saudi Arabian Grand Prix,55,SAI,sainz,Ferrari,15.0,88.237,113.652,,
2021,Saudi Arabian Grand Prix,6,LAT,latifi,Williams,16.0,89.177,,,
2021,Saudi Arabian Grand Prix,5,VET,vettel,Aston Martin,17.0,89.198,,,
2021,Saudi Arabian Grand Prix,18,STR,stroll,Aston Martin,18.0,89.368,,,
2021,Saudi Arabian Grand Prix,47,MSC,mick_schumacher,Haas F1 Team,19.0,89.464,,,
2021,Saudi Arabian Grand Prix,9,MAZ,mazepin,Haas F1 Team,20.0,90.473,,,
2021,Abu Dhabi Grand Prix,33,VER,max_verstappen,Red Bull Racing,1.0,83.322,82.8,82.109,
2021,Abu Dhabi Grand Prix,44,HAM,hamilton,Mercedes,2.0,82.845,83.145,82.48,
2021,Abu Dhabi Grand Prix,4,NOR,norris,McLaren,3.0,83.553,83.256,82.931,
2021,Abu Dhabi Grand Prix,11,PER,perez,Red Bull Racing,4.0,83.35,83.135,82.947,
2021,Abu Dhabi Grand Prix,55,SAI,sainz,Ferrari,5.0,83.624,83.174,82.992,
2021,Abu Dhabi Grand Prix,77,BOT,bottas,Mercedes,6.0,83.117,83.246,83.036,
2021,Abu Dhabi Grand Prix,16,LEC,leclerc,Ferrari,7.0,83.467,83.202,83.122,
2021,Abu Dhabi Grand Prix,22,TSU,tsunoda,AlphaTauri,8.0,83.428,83.404,83.22,
2021,Abu Dhabi Grand Prix,31,OCO,ocon,Alpine,9.0,83.764,83.42,83.389,
2021,Abu Dhabi Grand Prix,3,RIC,ricciardo,McLaren,10.0,83.829,83.448,83.409,
2021,Abu Dhabi Grand Prix,14,ALO,alonso,Alpine,11.0,83.846,83.46,,
2021,Abu Dhabi Grand Prix,10,GAS,gasly,AlphaTauri,12.0,83.489,84.043,,
2021,Abu Dhabi Grand Prix,18,STR,stroll,Aston Martin,13.0,84.061,84.066,,
2021,Abu Dhabi Grand Prix,99,GIO,giovinazzi,Alfa Romeo Racing,14.0,84.118,84.251,,
2021,Abu Dhabi Grand Prix,5,VET,vettel,Aston Martin,15.0,84.225,84.305,,
2021,Abu Dhabi Grand Prix,6,LAT,latifi,Williams,16.0,84.338,,,
2021,Abu Dhabi Grand Prix,63,RUS,russell,Williams,17.0,84.423,,,
2021,Abu Dhabi Grand Prix,7,RAI,raikkonen,Alfa Romeo Racing,18.0,84.779,,,
2021,Abu Dhabi Grand Prix,47,MSC,mick_schumacher,Haas F1 Team,19.0,84.906,,,
2021,Abu Dhabi Grand Prix,9,MAZ,mazepin,Haas F1 Team,20.0,85.685,,,
2022,Bahrain Grand Prix,16,LEC,leclerc,Ferrari,1.0,91.471,90.932,90.558,
2022,Bahrain Grand Prix,1,VER,max_verstappen,Red Bull Racing,2.0,91.785,90.757,90.681,
2022,Bahrain Grand Prix,55,SAI,sainz,Ferrari,3.0,91.567,90.787,90.687,
2022,Bahrain Grand Prix,11,PER,perez,Red Bull Racing,4.0,92.311,91.008,90.921,
2022,Bahrain Grand Prix,44,HAM,hamilton,Mercedes,5.0,92.285,91.048,91.238,
2022,Bahrain Grand Prix,77,BOT,bottas,Alfa Romeo,6.0,91.919,91.717,91.56,
2022,Bahrain Grand Prix,20,MAG,kevin_magnussen,Haas F1 Team,7.0,91.955,91.461,91.808,
2022,Bahrain Grand Prix,14,ALO,alonso,Alpine,8.0,92.346,91.621,92.195,
2022,Bahrain Grand Prix,63,RUS,russell,Mercedes,9.0,92.269,91.252,92.216,
2022,Bahrain Grand Prix,10,GAS,gasly,AlphaTauri,10.0,92.096,91.635,92.338,
2022,Bahrain Grand Prix,31,OCO,ocon,Alpine,11.0,92.041,91.782,,
2022,Bahrain Grand Prix,47,MSC,mick_schumacher,Haas F1 Team,12.0,92.38,91.998,,
2022,Bahrain Grand Prix,4,NOR,norris,McLaren,13.0,92.239,92.008,,
2022,Bahrain Grand Prix,23,ALB,albon,Williams,14.0,92.726,92.664,,
2022,Bahrain Grand Prix,24,ZHO,zhou,Alfa Romeo,15.0,92.493,93.543,,
2022,Bahrain Grand Prix,22,TSU,tsunoda,AlphaTauri,16.0,92.75,,,
2022,Bahrain Grand Prix,27,HUL,hulkenberg,Aston Martin,17.0,92.777,,,
2022,Bahrain Grand Prix,3,RIC,ricciardo,McLaren,18.0,92.945,,,
2022,Bahrain Grand Prix,18,STR,stroll,Aston Martin,19.0,93.032,,,
2022,Bahrain Grand Prix,6,LAT,latifi,Williams,20.0,93.634,,,
2022,Saudi Arabian Grand Prix,11,PER,perez,Red Bull Racing,1.0,89.705,88.924,88.2,
2022,Saudi Arabian Grand Prix,16,LEC,leclerc,Ferrari,2.0,89.039,88.78,88.225,
2022,Saudi Arabian Grand Prix,55,SAI,sainz,Ferrari,3.0,88.855,88.686,88.402,
2022,Saudi Arabian Grand Prix,1,VER,max_verstappen,Red Bull Racing,4.0,88.928,88.945,88.461,
2022,Saudi Arabian Grand Prix,31,OCO,ocon,Alpine,5.0,90.093,89.584,89.068,
2022,Saudi Arabian Grand Prix,63,RUS,russell,Mercedes,6.0,89.68,89.618,89.104,
2022,Saudi Arabian Grand Prix,14,ALO,alonso,Alpine,7.0,89.978,89.295,89.147,
2022,Saudi Arabian Grand Prix,77,BOT,bottas,Alfa Romeo,8.0,89.683,89.404,89.183,
2022,Saudi Arabian Grand Prix,10,GAS,gasly,AlphaTauri,9.0,89.891,89.418,89.254,
2022,Saudi Arabian Grand Prix,20,MAG,kevin_magnussen,Haas F1 Team,10.0,89.831,89.546,89.588,
2022,Saudi Arabian Grand Prix,4,NOR,norris,McLaren,11.0,89.957,89.651,,
2022,Saudi Arabian Grand Prix,3,RIC,ricciardo,McLaren,12.0,90.009,89.773,,
2022,Saudi Arabian Grand Prix,24,ZHO,zhou,Alfa Romeo,13.0,89.978,89.819,,
2022,Saudi Arabian Grand Prix,47,MSC,mick_schumacher,Haas F1 Team,14.0,90.167,89.92,,
2022,Saudi Arabian Grand Prix,18,STR,stroll,Aston Martin,15.0,90.256,91.009,,
2022,Saudi Arabian Grand Prix,44,HAM,hamilton,Mercedes,16.0,90.343,,,
2022,Saudi Arabian Grand Prix,23,ALB,albon,Williams,17.0,90.492,,,
2022,Saudi Arabian Grand Prix,27,HUL,hulkenberg,Aston Martin,18.0,90.543,,,
2022,Saudi Arabian Grand Prix,6,LAT,latifi,Williams,19.0,91.817,,,
2022,Saudi Arabian Grand Prix,22,TSU,tsunoda,AlphaTauri,20.0,,,,
2022,Australian Grand Prix,16,LEC,leclerc,Ferrari,1.0,78.881,78.606,77.868,
2022,Australian Grand Prix,1,VER,max_verstappen,Red Bull Racing,2.0,78.58,78.611,78.154,
2022,Australian Grand Prix,11,PER,perez,Red Bull Racing,3.0,78.834,78.34,78.24,
2022,Australian Grand Prix,4,NOR,norris,McLaren,4.0,79.28,79.066,78.703,
2022,Australian Grand Prix,44,HAM,hamilton,Mercedes,5.0,79.401,79.106,78.825,
2022,Australian Grand Prix,63,RUS,russell,Mercedes,6.0,79.405,79.076,78.933,
2022,Australian Grand Prix,3,RIC,ricciardo,McLaren,7.0,79.665,79.13,79.032,
2022,Australian Grand Prix,31,OCO,ocon,Alpine,8.0,79.605,79.136,79.061,
2022,Australian Grand Prix,55,SAI,sainz,Ferrari,9.0,78.983,78.469,79.408,
2022,Australian Grand Prix,14,ALO,alonso,Alpine,10.0,79.192,78.815,,
2022,Australian Grand Prix,10,GAS,gasly,AlphaTauri,11.0,79.58,79.226,,
2022,Australian Grand Prix,77,BOT,bottas,Alfa Romeo,12.0,79.251,79.41,,
2022,Australian Grand Prix,22,TSU,tsunoda,AlphaTauri,13.0,79.742,79.424,,
2022,Australian Grand Prix,24,ZHO,zhou,Alfa Romeo,14.0,79.91,80.155,,
2022,Australian Grand Prix,47,MSC,mick_schumacher,Haas F1 Team,15.0,80.104,80.465,,
2022,Australian Grand Prix,23,ALB,albon,Williams,16.0,80.135,,,
2022,Australian Grand Prix,20,MAG,kevin_magnussen,Haas F1 Team,17.0,80.254,,,
2022,Australian Grand Prix,5,VET,vettel,Aston Martin,18.0,81.149,,,
2022,Australian Grand Prix,6,LAT,latifi,Williams,19.0,81.372,,,
2022,Australian Grand Prix,18,STR,stroll,Aston Martin,20.0,,,,
2022,Emilia Romagna Grand Prix,1,VER,max_verstappen,Red Bull Racing,1.0,79.295,78.793,87.999,
2022,Emilia Romagna Grand Prix,16,LEC,leclerc,Ferrari,2.0,78.796,79.584,88.778,
2022,Emilia Romagna Grand Prix,4,NOR,norris,McLaren,3.0,80.168,79.294,89.131,
2022,Emilia Romagna Grand Prix,20,MAG,kevin_magnussen,Haas F1 Team,4.0,80.147,79.902,89.164,
2022,Emilia Romagna Grand Prix,14,ALO,alonso,Alpine,5.0,80.198,79.595,89.202,
2022,Emilia Romagna Grand Prix,3,RIC,ricciardo,McLaren,6.0,79.98,80.031,89.742,
2022,Emilia Romagna Grand Prix,11,PER,perez,Red Bull Racing,7.0,79.773,79.296,89.808,
2022,Emilia Romagna Grand Prix,77,BOT,bottas,Alfa Romeo,8.0,80.419,80.192,90.439,
2022,Emilia Romagna Grand Prix,5,VET,vettel,Aston Martin,9.0,80.364,79.957,91.062,
2022,Emilia Romagna Grand Prix,55,SAI,sainz,Ferrari,10.0,79.305,78.99,,
2022,Emilia Romagna Grand Prix,63,RUS,russell,Mercedes,11.0,80.383,80.757,,
2022,Emilia Romagna Grand Prix,47,MSC,mick_schumacher,Haas F1 Team,12.0,80.422,80.916,,
2022,Emilia Romagna Grand Prix,44,HAM,hamilton,Mercedes,13.0,80.47,81.138,,
2022,Emilia Romagna Grand Prix,24,ZHO,zhou,Alfa Romeo,14.0,79.73,81.434,,
2022,Emilia Romagna Grand Prix,18,STR,stroll,Aston Martin,15.0,80.342,88.119,,
2022,Emilia Romagna Grand Prix,22,TSU,tsunoda,AlphaTauri,16.0,80.474,,,
2022,Emilia Romagna Grand Prix,10,GAS,gasly,AlphaTauri,17.0,80.732,,,
2022,Emilia Romagna Grand Prix,6,LAT,latifi,Williams,18.0,81.971,,,
2022,Emilia Romagna Grand Prix,31,OCO,ocon,Alpine,19.0,82.338,,,
2022,Emilia Romagna Grand Prix,23,ALB,albon,Williams,20.0,,,,
2022,Miami Grand Prix,16,LEC,leclerc,Ferrari,1.0,89.474,89.13,88.796,
2022,Miami Grand Prix,55,SAI,sainz,Ferrari,2.0,90.079,89.729,88.986,
2022,Miami Grand Prix,1,VER,max_verstappen,Red Bull Racing,3.0,89.836,89.202,88.991,
2022,Miami Grand Prix,11,PER,perez,Red Bull Racing,4.0,90.055,89.673,89.036,
2022,Miami Grand Prix,77,BOT,bottas,Alfa Romeo,5.0,90.845,89.751,89.475,
2022,Miami Grand Prix,44,HAM,hamilton,Mercedes,6.0,90.388,89.797,89.625,
2022,Miami Grand Prix,10,GAS,gasly,AlphaTauri,7.0,90.779,90.128,89.69,
2022,Miami Grand Prix,4,NOR,norris,McLaren,8.0,90.761,89.634,89.75,
2022,Miami Grand Prix,22,TSU,tsunoda,AlphaTauri,9.0,90.485,90.031,89.932,
2022,Miami Grand Prix,18,STR,stroll,Aston Martin,10.0,90.441,89.996,90.676,
2022,Miami Grand Prix,14,ALO,alonso,Alpine,11.0,90.407,90.16,,
2022,Miami Grand Prix,63,RUS,russell,Mercedes,12.0,90.49,90.173,,
2022,Miami Grand Prix,5,VET,vettel,Aston Martin,13.0,90.677,90.214,,
2022,Miami Grand Prix,3,RIC,ricciardo,McLaren,14.0,90.583,90.31,,
2022,Miami Grand Prix,47,MSC,mick_schumacher,Haas F1 Team,15.0,90.645,90.423,,
2022,Miami Grand Prix,20,MAG,kevin_magnussen,Haas F1 Team,16.0,90.975,,,
2022,Miami Grand Prix,24,ZHO,zhou,Alfa Romeo,17.0,91.02,,,
2022,Miami Grand Prix,23,ALB,albon,Williams,18.0,91.266,,,
2022,Miami Grand Prix,6,LAT,latifi,Williams,19.0,91.325,,,
2022,Miami Grand Prix,31,OCO,ocon,Alpine,20.0,,,,
2022,Spanish Grand Prix,16,LEC,leclerc,Ferrari,1.0,79.861,79.969,78.75,
2022,Spanish Grand Prix,1,VER,max_verstappen,Red Bull Racing,2.0,80.091,79.219,79.073,
2022,Spanish Grand Prix,55,SAI,sainz,Ferrari,3.0,79.892,79.453,79.166,
2022,Spanish Grand Prix,63,RUS,russell,Mercedes,4.0,80.218,79.47,79.393,
2022,Spanish Grand Prix,11,PER,perez,Red Bull Racing,5.0,80.447,79.83,79.42,
2022,Spanish Grand Prix,44,HAM,hamilton,Mercedes,6.0,80.252,79.794,79.512,
2022,Spanish Grand Prix,77,BOT,bottas,Alfa Romeo,7.0,80.355,80.053,79.608,
2022,Spanish Grand Prix,20,MAG,kevin_magnussen,Haas F1 Team,8.0,80.227,79.81,79.682,
2022,Spanish Grand Prix,3,RIC,ricciardo,McLaren,9.0,80.549,80.287,80.297,
2022,Spanish Grand Prix,47,MSC,mick_schumacher,Haas F1 Team,10.0,80.683,80.436,80.368,
2022,Spanish Grand Prix,4,NOR,norris,McLaren,11.0,80.838,80.471,,
2022,Spanish Grand Prix,31,OCO,ocon,Alpine,12.0,80.88,80.638,,
2022,Spanish Grand Prix,22,TSU,tsunoda,AlphaTauri,13.0,80.707,80.639,,
2022,Spanish Grand Prix,10,GAS,gasly,AlphaTauri,14.0,80.719,80.861,,
2022,Spanish Grand Prix,24,ZHO,zhou,Alfa Romeo,15.0,80.476,81.094,,
2022,Spanish Grand Prix,5,VET,vettel,Aston Martin,16.0,80.954,,,
2022,Spanish Grand Prix,14,ALO,alonso,Alpine,17.0,81.043,,,
2022,Spanish Grand Prix,18,STR,stroll,Aston Martin,18.0,81.418,,,
2022,Spanish Grand Prix,23,ALB,albon,Williams,19.0,81.645,,,
2022,Spanish Grand Prix,6,LAT,latifi,Williams,20.0,81.915,,,
2022,Monaco Grand Prix,16,LEC,leclerc,Ferrari,1.0,72.569,71.864,71.376,
2022,Monaco Grand Prix,55,SAI,sainz,Ferrari,2.0,72.616,72.074,71.601,
2022,Monaco Grand Prix,11,PER,perez,Red Bull Racing,3.0,73.004,71.954,71.629,
2022,Monaco Grand Prix,1,VER,max_verstappen,Red Bull Racing,4.0,72.993,72.117,71.666,
2022,Monaco Grand Prix,4,NOR,norris,McLaren,5.0,72.927,72.266,71.849,
2022,Monaco Grand Prix,63,RUS,russell,Mercedes,6.0,72.787,72.617,72.112,
2022,Monaco Grand Prix,14,ALO,alonso,Alpine,7.0,73.394,72.688,72.247,
2022,Monaco Grand Prix,44,HAM,hamilton,Mercedes,8.0,73.444,72.595,72.56,
2022,Monaco Grand Prix,5,VET,vettel,Aston Martin,9.0,73.313,72.613,72.732,
2022,Monaco Grand Prix,31,OCO,ocon,Alpine,10.0,72.848,72.528,73.047,
2022,Monaco Grand Prix,22,TSU,tsunoda,AlphaTauri,11.0,73.11,72.797,,
2022,Monaco Grand Prix,77,BOT,bottas,Alfa Romeo,12.0,73.541,72.909,,
2022,Monaco Grand Prix,20,MAG,kevin_magnussen,Haas F1 Team,13.0,73.069,72.921,,
2022,Monaco Grand Prix,3,RIC,ricciardo,McLaren,14.0,73.338,72.964,,
2022,Monaco Grand Prix,47,MSC,mick_schumacher,Haas F1 Team,15.0,73.469,73.081,,
2022,Monaco Grand Prix,23,ALB,albon,Williams,16.0,73.611,,,
2022,Monaco Grand Prix,10,GAS,gasly,AlphaTauri,17.0,73.66,,,
2022,Monaco Grand Prix,18,STR,stroll,Aston Martin,18.0,73.678,,,
2022,Monaco Grand Prix,6,LAT,latifi,Williams,19.0,74.403,,,
2022,Monaco Grand Prix,24,ZHO,zhou,Alfa Romeo,20.0,75.606,,,
2022,Azerbaijan Grand Prix,16,LEC,leclerc,Ferrari,1.0,102.865,102.046,101.359,
2022,Azerbaijan Grand Prix,11,PER,perez,Red Bull Racing,2.0,102.733,101.955,101.641,
2022,Azerbaijan Grand Prix,1,VER,max_verstappen,Red Bull Racing,3.0,102.722,102.227,101.706,
2022,Azerbaijan Grand Prix,55,SAI,sainz,Ferrari,4.0,102.957,102.088,101.814,
2022,Azerbaijan Grand Prix,63,RUS,russell,Mercedes,5.0,103.754,103.281,102.712,
2022,Azerbaijan Grand Prix,10,GAS,gasly,AlphaTauri,6.0,103.268,103.129,102.845,
2022,Azerbaijan Grand Prix,44,HAM,hamilton,Mercedes,7.0,103.939,103.182,102.924,
2022,Azerbaijan Grand Prix,22,TSU,tsunoda,AlphaTauri,8.0,103.595,103.376,103.056,
2022,Azerbaijan Grand Prix,5,VET,vettel,Aston Martin,9.0,103.279,103.268,103.091,
2022,Azerbaijan Grand Prix,14,ALO,alonso,Alpine,10.0,104.083,103.36,103.173,
2022,Azerbaijan Grand Prix,4,NOR,norris,McLaren,11.0,104.237,103.398,,
2022,Azerbaijan Grand Prix,3,RIC,ricciardo,McLaren,12.0,104.437,103.574,,
2022,Azerbaijan Grand Prix,31,OCO,ocon,Alpine,13.0,103.903,103.585,,
2022,Azerbaijan Grand Prix,24,ZHO,zhou,Alfa Romeo,14.0,103.777,103.79,,
2022,Azerbaijan Grand Prix,77,BOT,bottas,Alfa Romeo,15.0,104.478,104.444,,
2022,Azerbaijan Grand Prix,20,MAG,kevin_magnussen,Haas F1 Team,16.0,104.643,,,
2022,Azerbaijan Grand Prix,23,ALB,albon,Williams,17.0,104.719,,,
2022,Azerbaijan Grand Prix,6,LAT,latifi,Williams,18.0,105.367,,,
2022,Azerbaijan Grand Prix,18,STR,stroll,Aston Martin,19.0,105.371,,,
2022,Azerbaijan Grand Prix,47,MSC,mick_schumacher,Haas F1 Team,20.0,105.775,,,
2022,Canadian Grand Prix,1,VER,max_verstappen,Red Bull Racing,1.0,92.219,83.746,81.299,
2022,Canadian Grand Prix,14,ALO,alonso,Alpine,2.0,92.277,84.848,81.944,
2022,Canadian Grand Prix,55,SAI,sainz,Ferrari,3.0,92.781,85.197,82.096,
2022,Canadian Grand Prix,44,HAM,hamilton,Mercedes,4.0,93.841,85.543,82.891,
2022,Canadian Grand Prix,20,MAG,kevin_magnussen,Haas F1 Team,5.0,92.957,86.254,82.96,
2022,Canadian Grand Prix,47,MSC,mick_schumacher,Haas F1 Team,6.0,93.707,85.684,83.356,
2022,Canadian Grand Prix,31,OCO,ocon,Alpine,7.0,93.012,86.135,83.529,
2022,Canadian Grand Prix,63,RUS,russell,Mercedes,8.0,93.16,84.95,83.557,
2022,Canadian Grand Prix,3,RIC,ricciardo,McLaren,9.0,93.636,86.375,83.749,
2022,Canadian Grand Prix,24,ZHO,zhou,Alfa Romeo,10.0,93.692,86.116,84.03,
2022,Canadian Grand Prix,77,BOT,bottas,Alfa Romeo,11.0,93.689,86.788,,
2022,Canadian Grand Prix,23,ALB,albon,Williams,12.0,94.047,86.858,,
2022,Canadian Grand Prix,11,PER,perez,Red Bull Racing,13.0,93.929,93.127,,
2022,Canadian Grand Prix,4,NOR,norris,McLaren,14.0,94.066,,,
2022,Canadian Grand Prix,16,LEC,leclerc,Ferrari,15.0,93.008,,,
2022,Canadian Grand Prix,10,GAS,gasly,AlphaTauri,16.0,94.492,,,
2022,Canadian Grand Prix,5,VET,vettel,Aston Martin,17.0,94.512,,,
2022,Canadian Grand Prix,18,STR,stroll,Aston Martin,18.0,95.532,,,
2022,Canadian Grand Prix,6,LAT,latifi,Williams,19.0,95.66,,,
2022,Canadian Grand Prix,22,TSU,tsunoda,AlphaTauri,20.0,96.575,,,
2022,British Grand Prix,55,SAI,sainz,Ferrari,1.0,100.19,101.602,100.983,
2022,British Grand Prix,1,VER,max_verstappen,Red Bull Racing,2.0,99.129,100.655,101.055,
2022,British Grand Prix,16,LEC,leclerc,Ferrari,3.0,99.846,101.247,101.298,
2022,British Grand Prix,11,PER,perez,Red Bull Racing,4.0,100.521,102.513,101.616,
2022,British Grand Prix,44,HAM,hamilton,Mercedes,5.0,100.428,101.062,101.995,
2022,British Grand Prix,4,NOR,norris,McLaren,6.0,101.515,101.821,102.084,
2022,British Grand Prix,14,ALO,alonso,Alpine,7.0,101.598,102.209,102.116,
2022,British Grand Prix,63,RUS,russell,Mercedes,8.0,100.028,101.725,102.161,
2022,British Grand Prix,24,ZHO,zhou,Alfa Romeo,9.0,100.791,102.64,102.719,
2022,British Grand Prix,6,LAT,latifi,Williams,10.0,101.998,103.273,123.095,
2022,British Grand Prix,10,GAS,gasly,AlphaTauri,11.0,101.68,103.702,,
2022,British Grand Prix,77,BOT,bottas,Alfa Romeo,12.0,101.396,104.232,,
2022,British Grand Prix,22,TSU,tsunoda,AlphaTauri,13.0,101.893,104.311,,
2022,British Grand Prix,3,RIC,ricciardo,McLaren,14.0,101.933,104.355,,
2022,British Grand Prix,31,OCO,ocon,Alpine,15.0,101.73,105.19,,
2022,British Grand Prix,23,ALB,albon,Williams,16.0,102.078,,,
2022,British Grand Prix,20,MAG,kevin_magnussen,Haas F1 Team,17.0,102.159,,,
2022,British Grand Prix,5,VET,vettel,Aston Martin,18.0,102.666,,,
2022,British Grand Prix,47,MSC,mick_schumacher,Haas F1 Team,19.0,102.708,,,
2022,British Grand Prix,18,STR,stroll,Aston Martin,20.0,103.43,,,
2022,Austrian Grand Prix,1,VER,max_verstappen,Red Bull Racing,1.0,65.852,65.374,64.984,
2022,Austrian Grand Prix,16,LEC,leclerc,Ferrari,2.0,65.419,65.287,65.013,
2022,Austrian Grand Prix,55,SAI,sainz,Ferrari,3.0,65.66,65.576,65.066,
2022,Austrian Grand Prix,63,RUS,russell,Mercedes,4.0,66.235,65.697,65.431,
2022,Austrian Grand Prix,31,OCO,ocon,Alpine,5.0,66.468,65.993,65.726,
2022,Austrian Grand Prix,20,MAG,kevin_magnussen,Haas F1 Team,6.0,66.366,65.894,65.879,
2022,Austrian Grand Prix,47,MSC,mick_schumacher,Haas F1 Team,7.0,66.405,66.151,66.011,
2022,Austrian Grand Prix,14,ALO,alonso,Alpine,8.0,66.016,66.082,66.103,
2022,Austrian Grand Prix,44,HAM,hamilton,Mercedes,9.0,66.079,65.475,73.151,
2022,Austrian Grand Prix,10,GAS,gasly,AlphaTauri,10.0,66.589,66.16,,
2022,Austrian Grand Prix,23,ALB,albon,Williams,11.0,66.516,66.23,,
2022,Austrian Grand Prix,77,BOT,bottas,Alfa Romeo,12.0,66.442,66.319,,
2022,Austrian Grand Prix,11,PER,perez,Red Bull Racing,13.0,66.143,66.458,,
2022,Austrian Grand Prix,22,TSU,tsunoda,AlphaTauri,14.0,66.463,66.851,,
2022,Austrian Grand Prix,4,NOR,norris,McLaren,15.0,66.33,85.847,,
2022,Austrian Grand Prix,3,RIC,ricciardo,McLaren,16.0,66.613,,,
2022,Austrian Grand Prix,18,STR,stroll,Aston Martin,17.0,66.847,,,
2022,Austrian Grand Prix,24,ZHO,zhou,Alfa Romeo,18.0,66.901,,,
2022,Austrian Grand Prix,6,LAT,latifi,Williams,19.0,67.003,,,
2022,Austrian Grand Prix,5,VET,vettel,Aston Martin,20.0,67.083,,,
2022,French Grand Prix,16,LEC,leclerc,Ferrari,1.0,91.727,91.216,90.872,
2022,French Grand Prix,1,VER,max_verstappen,Red Bull Racing,2.0,91.891,91.99,91.176,
2022,French Grand Prix,11,PER,perez,Red Bull Racing,3.0,92.354,92.12,91.335,
2022,French Grand Prix,44,HAM,hamilton,Mercedes,4.0,93.041,92.274,91.765,
2022,French Grand Prix,4,NOR,norris,McLaren,5.0,92.672,92.777,92.032,
2022,French Grand Prix,63,RUS,russell,Mercedes,6.0,93.109,92.633,92.131,
2022,French Grand Prix,14,ALO,alonso,Alpine,7.0,92.819,92.631,92.552,
2022,French Grand Prix,22,TSU,tsunoda,AlphaTauri,8.0,93.394,92.836,92.78,
2022,French Grand Prix,55,SAI,sainz,Ferrari,9.0,92.297,91.081,,
2022,French Grand Prix,20,MAG,kevin_magnussen,Haas F1 Team,10.0,92.756,92.649,,
2022,French Grand Prix,3,RIC,ricciardo,McLaren,11.0,93.404,92.922,,
2022,French Grand Prix,31,OCO,ocon,Alpine,12.0,93.346,93.048,,
2022,French Grand Prix,77,BOT,bottas,Alfa Romeo,13.0,93.034,93.052,,
2022,French Grand Prix,5,VET,vettel,Aston Martin,14.0,93.285,93.276,,
2022,French Grand Prix,23,ALB,albon,Williams,15.0,93.423,93.307,,
2022,French Grand Prix,10,GAS,gasly,AlphaTauri,16.0,93.439,,,
2022,French Grand Prix,18,STR,stroll,Aston Martin,17.0,93.439,,,
2022,French Grand Prix,24,ZHO,zhou,Alfa Romeo,18.0,93.674,,,
2022,French Grand Prix,47,MSC,mick_schumacher,Haas F1 Team,19.0,93.701,,,
2022,French Grand Prix,6,LAT,latifi,Williams,20.0,93.794,,,
2022,Hungarian Grand Prix,63,RUS,russell,Mercedes,1.0,78.407,78.154,77.377,
2022,Hungarian Grand Prix,55,SAI,sainz,Ferrari,2.0,78.434,77.946,77.421,
2022,Hungarian Grand Prix,16,LEC,leclerc,Ferrari,3.0,78.806,77.768,77.567,
2022,Hungarian Grand Prix,4,NOR,norris,McLaren,4.0,78.653,78.121,77.769,
2022,Hungarian Grand Prix,31,OCO,ocon,Alpine,5.0,78.866,78.216,78.018,
2022,Hungarian Grand Prix,14,ALO,alonso,Alpine,6.0,78.716,77.904,78.078,
2022,Hungarian Grand Prix,44,HAM,hamilton,Mercedes,7.0,78.374,78.035,78.142,
2022,Hungarian Grand Prix,77,BOT,bottas,Alfa Romeo,8.0,78.935,78.445,78.157,
2022,Hungarian Grand Prix,3,RIC,ricciardo,McLaren,9.0,78.775,78.198,78.379,
2022,Hungarian Grand Prix,1,VER,max_verstappen,Red Bull Racing,10.0,78.509,77.703,78.823,
2022,Hungarian Grand Prix,11,PER,perez,Red Bull Racing,11.0,79.118,78.516,,
2022,Hungarian Grand Prix,24,ZHO,zhou,Alfa Romeo,12.0,78.973,78.573,,
2022,Hungarian Grand Prix,20,MAG,kevin_magnussen,Haas F1 Team,13.0,78.993,78.825,,
2022,Hungarian Grand Prix,18,STR,stroll,Aston Martin,14.0,79.205,79.137,,
2022,Hungarian Grand Prix,47,MSC,mick_schumacher,Haas F1 Team,15.0,79.164,79.202,,
2022,Hungarian Grand Prix,22,TSU,tsunoda,AlphaTauri,16.0,79.24,,,
2022,Hungarian Grand Prix,23,ALB,albon,Williams,17.0,79.256,,,
2022,Hungarian Grand Prix,5,VET,vettel,Aston Martin,18.0,79.273,,,
2022,Hungarian Grand Prix,10,GAS,gasly,AlphaTauri,19.0,79.527,,,
2022,Hungarian Grand Prix,6,LAT,latifi,Williams,20.0,79.57,,,
2022,Belgian Grand Prix,1,VER,max_verstappen,Red Bull Racing,1.0,104.581,104.723,103.665,
2022,Belgian Grand Prix,55,SAI,sainz,Ferrari,2.0,105.05,105.418,104.297,
2022,Belgian Grand Prix,11,PER,perez,Red Bull Racing,3.0,105.377,104.794,104.462,
2022,Belgian Grand Prix,16,LEC,leclerc,Ferrari,4.0,105.572,104.551,104.553,
2022,Belgian Grand Prix,31,OCO,ocon,Alpine,5.0,106.039,105.475,105.18,
2022,Belgian Grand Prix,14,ALO,alonso,Alpine,6.0,106.075,105.552,105.368,
2022,Belgian Grand Prix,44,HAM,hamilton,Mercedes,7.0,105.736,105.42,105.503,
2022,Belgian Grand Prix,63,RUS,russell,Mercedes,8.0,105.65,105.461,105.776,
2022,Belgian Grand Prix,23,ALB,albon,Williams,9.0,105.672,105.675,105.837,
2022,Belgian Grand Prix,4,NOR,norris,McLaren,10.0,105.745,105.603,106.178,
2022,Belgian Grand Prix,3,RIC,ricciardo,McLaren,11.0,106.212,105.767,,
2022,Belgian Grand Prix,10,GAS,gasly,AlphaTauri,12.0,106.183,105.827,,
2022,Belgian Grand Prix,24,ZHO,zhou,Alfa Romeo,13.0,106.178,106.085,,
2022,Belgian Grand Prix,18,STR,stroll,Aston Martin,14.0,106.256,106.611,,
2022,Belgian Grand Prix,47,MSC,mick_schumacher,Haas F1 Team,15.0,106.342,107.718,,
2022,Belgian Grand Prix,5,VET,vettel,Aston Martin,16.0,106.344,,,
2022,Belgian Grand Prix,6,LAT,latifi,Williams,17.0,106.401,,,
2022,Belgian Grand Prix,20,MAG,kevin_magnussen,Haas F1 Team,18.0,106.557,,,
2022,Belgian Grand Prix,22,TSU,tsunoda,AlphaTauri,19.0,106.692,,,
2022,Belgian Grand Prix,77,BOT,bottas,Alfa Romeo,20.0,107.866,,,
2022,Dutch Grand Prix,1,VER,max_verstappen,Red Bull Racing,1.0,71.317,70.927,70.342,
2022,Dutch Grand Prix,16,LEC,leclerc,Ferrari,2.0,71.443,70.988,70.363,
2022,Dutch Grand Prix,55,SAI,sainz,Ferrari,3.0,71.767,70.814,70.434,
2022,Dutch Grand Prix,44,HAM,hamilton,Mercedes,4.0,71.331,71.075,70.648,
2022,Dutch Grand Prix,11,PER,perez,Red Bull Racing,5.0,71.641,71.314,71.077,
2022,Dutch Grand Prix,63,RUS,russell,Mercedes,6.0,71.561,70.824,71.147,
2022,Dutch Grand Prix,4,NOR,norris,McLaren,7.0,71.556,71.116,71.174,
2022,Dutch Grand Prix,47,MSC,mick_schumacher,Haas F1 Team,8.0,71.741,71.42,71.442,
2022,Dutch Grand Prix,22,TSU,tsunoda,AlphaTauri,9.0,71.427,71.428,72.556,
2022,Dutch Grand Prix,18,STR,stroll,Aston Martin,10.0,71.568,71.416,,
2022,Dutch Grand Prix,10,GAS,gasly,AlphaTauri,11.0,71.705,71.512,,
2022,Dutch Grand Prix,31,OCO,ocon,Alpine,12.0,71.748,71.605,,
2022,Dutch Grand Prix,14,ALO,alonso,Alpine,13.0,71.667,71.613,,
2022,Dutch Grand Prix,24,ZHO,zhou,Alfa Romeo,14.0,71.826,71.704,,
2022,Dutch Grand Prix,23,ALB,albon,Williams,15.0,71.695,71.802,,
2022,Dutch Grand Prix,77,BOT,bottas,Alfa Romeo,16.0,71.961,,,
2022,Dutch Grand Prix,3,RIC,ricciardo,McLaren,17.0,72.081,,,
2022,Dutch Grand Prix,20,MAG,kevin_magnussen,Haas F1 Team,18.0,72.319,,,
2022,Dutch Grand Prix,5,VET,vettel,Aston Martin,19.0,72.391,,,
2022,Dutch Grand Prix,6,LAT,latifi,Williams,20.0,73.353,,,
2022,Italian Grand Prix,16,LEC,leclerc,Ferrari,1.0,81.28,81.208,80.161,
2022,Italian Grand Prix,1,VER,max_verstappen,Red Bull Racing,2.0,80.922,81.265,80.306,
2022,Italian Grand Prix,55,SAI,sainz,Ferrari,3.0,81.348,80.878,80.429,
2022,Italian Grand Prix,11,PER,perez,Red Bull Racing,4.0,81.495,81.358,81.206,
2022,Italian Grand Prix,44,HAM,hamilton,Mercedes,5.0,82.048,81.708,81.524,
2022,Italian Grand Prix,63,RUS,russell,Mercedes,6.0,81.785,81.747,81.542,
2022,Italian Grand Prix,4,NOR,norris,McLaren,7.0,82.13,81.831,81.584,
2022,Italian Grand Prix,3,RIC,ricciardo,McLaren,8.0,82.139,81.855,81.925,
2022,Italian Grand Prix,10,GAS,gasly,AlphaTauri,9.0,82.01,82.062,82.648,
2022,Italian Grand Prix,14,ALO,alonso,Alpine,10.0,82.089,81.861,,
2022,Italian Grand Prix,31,OCO,ocon,Alpine,11.0,82.166,82.13,,
2022,Italian Grand Prix,77,BOT,bottas,Alfa Romeo,12.0,82.254,82.235,,
2022,Italian Grand Prix,45,DEV,de_vries,Williams,13.0,82.567,82.471,,
2022,Italian Grand Prix,24,ZHO,zhou,Alfa Romeo,14.0,82.003,82.577,,
2022,Italian Grand Prix,22,TSU,tsunoda,AlphaTauri,15.0,82.02,,,
2022,Italian Grand Prix,6,LAT,latifi,Williams,16.0,82.587,,,
2022,Italian Grand Prix,5,VET,vettel,Aston Martin,17.0,82.636,,,
2022,Italian Grand Prix,18,STR,stroll,Aston Martin,18.0,82.748,,,
2022,Italian Grand Prix,20,MAG,kevin_magnussen,Haas F1 Team,19.0,82.908,,,
2022,Italian Grand Prix,47,MSC,mick_schumacher,Haas F1 Team,20.0,83.005,,,
2022,Singapore Grand Prix,16,LEC,leclerc,Ferrari,1.0,114.129,112.343,109.412,
2022,Singapore Grand Prix,11,PER,perez,Red Bull Racing,2.0,114.404,112.818,109.434,
2022,Singapore Grand Prix,44,HAM,hamilton,Mercedes,3.0,113.161,112.691,109.466,
2022,Singapore Grand Prix,55,SAI,sainz,Ferrari,4.0,114.559,113.219,109.583,
2022,Singapore Grand Prix,14,ALO,alonso,Alpine,5.0,115.36,113.127,109.966,
2022,Singapore Grand Prix,4,NOR,norris,McLaren,6.0,115.914,113.942,110.584,
2022,Singapore Grand Prix,10,GAS,gasly,AlphaTauri,7.0,115.606,113.546,111.211,
2022,Singapore Grand Prix,1,VER,max_verstappen,Red Bull Racing,8.0,113.057,112.723,111.395,
2022,Singapore Grand Prix,20,MAG,kevin_magnussen,Haas F1 Team,9.0,115.103,114.006,111.573,
2022,Singapore Grand Prix,22,TSU,tsunoda,AlphaTauri,10.0,115.314,113.848,111.983,
2022,Singapore Grand Prix,63,RUS,russell,Mercedes,11.0,114.633,114.012,,
2022,Singapore Grand Prix,18,STR,stroll,Aston Martin,12.0,115.629,114.211,,
2022,Singapore Grand Prix,47,MSC,mick_schumacher,Haas F1 Team,13.0,115.736,114.37,,
2022,Singapore Grand Prix,5,VET,vettel,Aston Martin,14.0,115.602,114.38,,
2022,Singapore Grand Prix,24,ZHO,zhou,Alfa Romeo,15.0,115.375,115.518,,
2022,Singapore Grand Prix,77,BOT,bottas,Alfa Romeo,16.0,116.083,,,
2022,Singapore Grand Prix,3,RIC,ricciardo,McLaren,17.0,116.226,,,
2022,Singapore Grand Prix,31,OCO,ocon,Alpine,18.0,116.337,,,
2022,Singapore Grand Prix,23,ALB,albon,Williams,19.0,116.985,,,
2022,Singapore Grand Prix,6,LAT,latifi,Williams,20.0,117.532,,,
2022,Japanese Grand Prix,1,VER,max_verstappen,Red Bull Racing,1.0,90.224,90.346,89.304,
2022,Japanese Grand Prix,16,LEC,leclerc,Ferrari,2.0,90.402,90.486,89.314,
2022,Japanese Grand Prix,55,SAI,sainz,Ferrari,3.0,90.336,90.444,89.361,
2022,Japanese Grand Prix,11,PER,perez,Red Bull Racing,4.0,90.622,89.925,89.709,
2022,Japanese Grand Prix,31,OCO,ocon,Alpine,5.0,90.696,90.357,90.165,
2022,Japanese Grand Prix,44,HAM,hamilton,Mercedes,6.0,90.906,90.443,90.261,
2022,Japanese Grand Prix,14,ALO,alonso,Alpine,7.0,90.603,90.343,90.322,
2022,Japanese Grand Prix,63,RUS,russell,Mercedes,8.0,90.865,90.465,90.389,
2022,Japanese Grand Prix,5,VET,vettel,Aston Martin,9.0,91.256,90.656,90.554,
2022,Japanese Grand Prix,4,NOR,norris,McLaren,10.0,90.881,90.473,91.003,
2022,Japanese Grand Prix,3,RIC,ricciardo,McLaren,11.0,90.88,90.659,,
2022,Japanese Grand Prix,77,BOT,bottas,Alfa Romeo,12.0,91.226,90.709,,
2022,Japanese Grand Prix,22,TSU,tsunoda,AlphaTauri,13.0,91.13,90.808,,
2022,Japanese Grand Prix,24,ZHO,zhou,Alfa Romeo,14.0,90.894,90.953,,
2022,Japanese Grand Prix,47,MSC,mick_schumacher,Haas F1 Team,15.0,91.152,91.439,,
2022,Japanese Grand Prix,23,ALB,albon,Williams,16.0,91.311,,,
2022,Japanese Grand Prix,10,GAS,gasly,AlphaTauri,17.0,91.322,,,
2022,Japanese Grand Prix,20,MAG,kevin_magnussen,Haas F1 Team,18.0,91.352,,,
2022,Japanese Grand Prix,18,STR,stroll,Aston Martin,19.0,91.419,,,
2022,Japanese Grand Prix,6,LAT,latifi,Williams,20.0,91.511,,,
2022,United States Grand Prix,55,SAI,sainz,Ferrari,1.0,95.297,95.59,94.356,
2022,United States Grand Prix,16,LEC,leclerc,Ferrari,2.0,95.795,95.246,94.421,
2022,United States Grand Prix,1,VER,max_verstappen,Red Bull Racing,3.0,95.864,95.294,94.448,
2022,United States Grand Prix,11,PER,perez,Red Bull Racing,4.0,96.163,95.864,94.645,
2022,United States Grand Prix,44,HAM,hamilton,Mercedes,5.0,96.148,95.732,94.947,
2022,United States Grand Prix,63,RUS,russell,Mercedes,6.0,96.195,95.692,94.988,
2022,United States Grand Prix,18,STR,stroll,Aston Martin,7.0,96.86,96.032,95.598,
2022,United States Grand Prix,4,NOR,norris,McLaren,8.0,96.465,96.341,95.69,
2022,United States Grand Prix,14,ALO,alonso,Alpine,9.0,96.446,95.988,95.876,
2022,United States Grand Prix,77,BOT,bottas,Alfa Romeo,10.0,96.746,96.321,96.319,
2022,United States Grand Prix,23,ALB,albon,Williams,11.0,96.932,96.368,,
2022,United States Grand Prix,5,VET,vettel,Aston Martin,12.0,96.695,96.398,,
2022,United States Grand Prix,10,GAS,gasly,AlphaTauri,13.0,96.577,96.74,,
2022,United States Grand Prix,24,ZHO,zhou,Alfa Romeo,14.0,96.656,96.97,,
2022,United States Grand Prix,22,TSU,tsunoda,AlphaTauri,15.0,96.808,97.147,,
2022,United States Grand Prix,20,MAG,kevin_magnussen,Haas F1 Team,16.0,96.949,,,
2022,United States Grand Prix,3,RIC,ricciardo,McLaren,17.0,97.046,,,
2022,United States Grand Prix,31,OCO,ocon,Alpine,18.0,97.068,,,
2022,United States Grand Prix,47,MSC,mick_schumacher,Haas F1 Team,19.0,97.111,,,
2022,United States Grand Prix,6,LAT,latifi,Williams,20.0,97.244,,,
2022,Mexico City Grand Prix,1,VER,max_verstappen,Red Bull Racing,1.0,79.222,78.566,77.775,
2022,Mexico City Grand Prix,63,RUS,russell,Mercedes,2.0,79.583,78.565,78.079,
2022,Mexico City Grand Prix,44,HAM,hamilton,Mercedes,3.0,79.169,78.552,78.084,
2022,Mexico City Grand Prix,11,PER,perez,Red Bull Racing,4.0,79.706,78.615,78.128,
2022,Mexico City Grand Prix,55,SAI,sainz,Ferrari,5.0,79.566,78.56,78.351,
2022,Mexico City Grand Prix,77,BOT,bottas,Alfa Romeo,6.0,79.523,78.762,78.401,
2022,Mexico City Grand Prix,16,LEC,leclerc,Ferrari,7.0,79.505,79.109,78.555,
2022,Mexico City Grand Prix,4,NOR,norris,McLaren,8.0,79.857,79.119,78.721,
2022,Mexico City Grand Prix,14,ALO,alonso,Alpine,9.0,80.006,79.272,78.939,
2022,Mexico City Grand Prix,31,OCO,ocon,Alpine,10.0,79.945,79.081,79.01,
2022,Mexico City Grand Prix,3,RIC,ricciardo,McLaren,11.0,80.279,79.325,,
2022,Mexico City Grand Prix,24,ZHO,zhou,Alfa Romeo,12.0,80.283,79.476,,
2022,Mexico City Grand Prix,22,TSU,tsunoda,AlphaTauri,13.0,79.907,79.589,,
2022,Mexico City Grand Prix,10,GAS,gasly,AlphaTauri,14.0,80.256,79.672,,
2022,Mexico City Grand Prix,20,MAG,kevin_magnussen,Haas F1 Team,15.0,80.293,79.833,,
2022,Mexico City Grand Prix,47,MSC,mick_schumacher,Haas F1 Team,16.0,80.419,,,
2022,Mexico City Grand Prix,5,VET,vettel,Aston Martin,17.0,80.419,,,
2022,Mexico City Grand Prix,18,STR,stroll,Aston Martin,18.0,80.52,,,
2022,Mexico City Grand Prix,23,ALB,albon,Williams,19.0,80.859,,,
2022,Mexico City Grand Prix,6,LAT,latifi,Williams,20.0,81.167,,,
2022,São Paulo Grand Prix,20,MAG,kevin_magnussen,Haas F1 Team,1.0,73.954,71.41,71.674,
2022,São Paulo Grand Prix,1,VER,max_verstappen,Red Bull Racing,2.0,73.625,70.881,71.877,
2022,São Paulo Grand Prix,63,RUS,russell,Mercedes,3.0,74.427,71.318,72.059,
2022,São Paulo Grand Prix,4,NOR,norris,McLaren,4.0,73.106,71.377,72.263,
2022,São Paulo Grand Prix,55,SAI,sainz,Ferrari,5.0,74.68,70.89,72.357,
2022,São Paulo Grand Prix,31,OCO,ocon,Alpine,6.0,74.663,71.587,72.425,
2022,São Paulo Grand Prix,14,ALO,alonso,Alpine,7.0,73.542,71.394,72.504,
2022,São Paulo Grand Prix,44,HAM,hamilton,Mercedes,8.0,73.403,71.539,72.611,
2022,São Paulo Grand Prix,11,PER,perez,Red Bull Racing,9.0,73.613,71.456,75.601,
2022,São Paulo Grand Prix,16,LEC,leclerc,Ferrari,10.0,74.486,70.95,,
2022,São Paulo Grand Prix,23,ALB,albon,Williams,11.0,74.324,71.631,,
2022,São Paulo Grand Prix,10,GAS,gasly,AlphaTauri,12.0,74.371,71.675,,
2022,São Paulo Grand Prix,5,VET,vettel,Aston Martin,13.0,73.597,71.678,,
2022,São Paulo Grand Prix,3,RIC,ricciardo,McLaren,14.0,74.931,72.14,,
2022,São Paulo Grand Prix,18,STR,stroll,Aston Martin,15.0,74.398,72.21,,
2022,São Paulo Grand Prix,6,LAT,latifi,Williams,16.0,75.095,,,
2022,São Paulo Grand Prix,24,ZHO,zhou,Alfa Romeo,17.0,75.197,,,
2022,São Paulo Grand Prix,77,BOT,bottas,Alfa Romeo,18.0,75.486,,,
2022,São Paulo Grand Prix,22,TSU,tsunoda,AlphaTauri,19.0,76.264,,,
2022,São Paulo Grand Prix,47,MSC,mick_schumacher,Haas F1 Team,20.0,76.361,,,
2022,Abu Dhabi Grand Prix,1,VER,max_verstappen,Red Bull Racing,1.0,84.754,84.622,83.824,
2022,Abu Dhabi Grand Prix,11,PER,perez,Red Bull Racing,2.0,84.82,84.419,84.052,
2022,Abu Dhabi Grand Prix,16,LEC,leclerc,Ferrari,3.0,85.211,84.517,84.092,
2022,Abu Dhabi Grand Prix,55,SAI,sainz,Ferrari,4.0,85.09,84.521,84.242,
2022,Abu Dhabi Grand Prix,44,HAM,hamilton,Mercedes,5.0,85.594,84.774,84.508,
2022,Abu Dhabi Grand Prix,63,RUS,russell,Mercedes,6.0,85.545,84.94,84.511,
2022,Abu Dhabi Grand Prix,4,NOR,norris,McLaren,7.0,85.387,84.903,84.769,
2022,Abu Dhabi Grand Prix,31,OCO,ocon,Alpine,8.0,85.735,85.007,84.83,
2022,Abu Dhabi Grand Prix,5,VET,vettel,Aston Martin,9.0,85.523,84.974,84.961,
2022,Abu Dhabi Grand Prix,3,RIC,ricciardo,McLaren,10.0,85.766,85.068,85.045,
2022,Abu Dhabi Grand Prix,14,ALO,alonso,Alpine,11.0,85.782,85.096,,
2022,Abu Dhabi Grand Prix,22,TSU,tsunoda,AlphaTauri,12.0,85.63,85.219,,
2022,Abu Dhabi Grand Prix,47,MSC,mick_schumacher,Haas F1 Team,13.0,85.711,85.225,,
2022,Abu Dhabi Grand Prix,18,STR,stroll,Aston Martin,14.0,85.741,85.359,,
2022,Abu Dhabi Grand Prix,24,ZHO,zhou,Alfa Romeo,15.0,85.594,85.408,,
2022,Abu Dhabi Grand Prix,20,MAG,kevin_magnussen,Haas F1 Team,16.0,85.834,,,
2022,Abu Dhabi Grand Prix,10,GAS,gasly,AlphaTauri,17.0,85.859,,,
2022,Abu Dhabi Grand Prix,77,BOT,bottas,Alfa Romeo,18.0,85.892,,,
2022,Abu Dhabi Grand Prix,23,ALB,albon,Williams,19.0,86.028,,,
2022,Abu Dhabi Grand Prix,6,LAT,latifi,Williams,20.0,86.054,,,
2023,Bahrain Grand Prix,1,VER,max_verstappen,Red Bull Racing,1.0,91.295,90.503,89.708,
2023,Bahrain Grand Prix,11,PER,perez,Red Bull Racing,2.0,91.479,90.746,89.846,
2023,Bahrain Grand Prix,16,LEC,leclerc,Ferrari,3.0,91.094,90.282,90.0,
2023,Bahrain Grand Prix,55,SAI,sainz,Ferrari,4.0,90.993,90.515,90.154,
2023,Bahrain Grand Prix,14,ALO,alonso,Aston Martin,5.0,91.158,90.645,90.336,
2023,Bahrain Grand Prix,63,RUS,russell,Mercedes,6.0,91.057,90.507,90.34,
2023,Bahrain Grand Prix,44,HAM,hamilton,Mercedes,7.0,91.543,90.513,90.384,
2023,Bahrain Grand Prix,18,STR,stroll,Aston Martin,8.0,91.184,91.127,90.836,
2023,Bahrain Grand Prix,31,OCO,ocon,Alpine,9.0,91.508,90.914,90.984,
2023,Bahrain Grand Prix,27,HUL,hulkenberg,Haas F1 Team,10.0,91.204,90.809,,
2023,Bahrain Grand Prix,4,NOR,norris,McLaren,11.0,91.652,91.381,,
2023,Bahrain Grand Prix,77,BOT,bottas,Alfa Romeo,12.0,91.504,91.443,,
2023,Bahrain Grand Prix,24,ZHO,zhou,Alfa Romeo,13.0,91.615,91.473,,
2023,Bahrain Grand Prix,22,TSU,tsunoda,AlphaTauri,14.0,91.4,92.51,,
2023,Bahrain Grand Prix,23,ALB,albon,Williams,15.0,91.461,,,
2023,Bahrain Grand Prix,2,SAR,sargeant,Williams,16.0,91.652,,,
2023,Bahrain Grand Prix,20,MAG,kevin_magnussen,Haas F1 Team,17.0,91.892,,,
2023,Bahrain Grand Prix,81,PIA,piastri,McLaren,18.0,92.101,,,
2023,Bahrain Grand Prix,21,DEV,de_vries,AlphaTauri,19.0,92.121,,,
2023,Bahrain Grand Prix,10,GAS,gasly,Alpine,20.0,92.181,,,
2023,Saudi Arabian Grand Prix,11,PER,perez,Red Bull Racing,1.0,89.244,88.635,88.265,
2023,Saudi Arabian Grand Prix,16,LEC,leclerc,Ferrari,2.0,89.376,88.903,88.42,
2023,Saudi Arabian Grand Prix,14,ALO,alonso,Aston Martin,3.0,89.298,88.757,88.73,
2023,Saudi Arabian Grand Prix,63,RUS,russell,Mercedes,4.0,89.592,89.132,88.857,
2023,Saudi Arabian Grand Prix,55,SAI,sainz,Ferrari,5.0,89.411,88.957,88.931,
2023,Saudi Arabian Grand Prix,18,STR,stroll,Aston Martin,6.0,89.335,88.962,88.945,
2023,Saudi Arabian Grand Prix,31,OCO,ocon,Alpine,7.0,89.707,89.255,89.078,
2023,Saudi Arabian Grand Prix,44,HAM,hamilton,Mercedes,8.0,89.689,89.374,89.223,
2023,Saudi Arabian Grand Prix,81,PIA,piastri,McLaren,9.0,89.706,89.378,89.243,
2023,Saudi Arabian Grand Prix,10,GAS,gasly,Alpine,10.0,89.89,89.411,89.357,
2023,Saudi Arabian Grand Prix,27,HUL,hulkenberg,Haas F1 Team,11.0,89.547,89.451,,
2023,Saudi Arabian Grand Prix,24,ZHO,zhou,Alfa Romeo,12.0,89.654,89.461,,
2023,Saudi Arabian Grand Prix,20,MAG,kevin_magnussen,Haas F1 Team,13.0,89.744,89.634,,
2023,Saudi Arabian Grand Prix,77,BOT,bottas,Alfa Romeo,14.0,89.929,89.668,,
2023,Saudi Arabian Grand Prix,1,VER,max_verstappen,Red Bull Racing,15.0,88.761,109.953,,
2023,Saudi Arabian Grand Prix,22,TSU,tsunoda,AlphaTauri,16.0,89.939,,,
2023,Saudi Arabian Grand Prix,23,ALB,albon,Williams,17.0,89.994,,,
2023,Saudi Arabian Grand Prix,21,DEV,de_vries,AlphaTauri,18.0,90.244,,,
2023,Saudi Arabian Grand Prix,4,NOR,norris,McLaren,19.0,90.447,,,
2023,Saudi Arabian Grand Prix,2,SAR,sargeant,Williams,20.0,128.51,,,
2023,Australian Grand Prix,1,VER,max_verstappen,Red Bull Racing,1.0,77.384,77.056,76.732,
2023,Australian Grand Prix,63,RUS,russell,Mercedes,2.0,77.654,77.513,76.968,
2023,Australian Grand Prix,44,HAM,hamilton,Mercedes,3.0,77.689,77.551,77.104,
2023,Australian Grand Prix,14,ALO,alonso,Aston Martin,4.0,77.832,77.283,77.139,
2023,Australian Grand Prix,55,SAI,sainz,Ferrari,5.0,77.928,77.349,77.27,
2023,Australian Grand Prix,18,STR,stroll,Aston Martin,6.0,77.873,77.616,77.308,
2023,Australian Grand Prix,16,LEC,leclerc,Ferrari,7.0,78.218,77.39,77.369,
2023,Australian Grand Prix,23,ALB,albon,Williams,8.0,77.962,77.761,77.609,
2023,Australian Grand Prix,10,GAS,gasly,Alpine,9.0,78.312,77.574,77.675,
2023,Australian Grand Prix,27,HUL,hulkenberg,Haas F1 Team,10.0,78.029,77.412,77.735,
2023,Australian Grand Prix,31,OCO,ocon,Alpine,11.0,77.77,77.768,,
2023,Australian Grand Prix,22,TSU,tsunoda,AlphaTauri,12.0,78.471,78.099,,
2023,Australian Grand Prix,4,NOR,norris,McLaren,13.0,78.243,78.119,,
2023,Australian Grand Prix,20,MAG,kevin_magnussen,Haas F1 Team,14.0,78.159,78.129,,
2023,Australian Grand Prix,21,DEV,de_vries,AlphaTauri,15.0,78.45,78.335,,
2023,Australian Grand Prix,81,PIA,piastri,McLaren,16.0,78.517,,,
2023,Australian Grand Prix,24,ZHO,zhou,Alfa Romeo,17.0,78.54,,,
2023,Australian Grand Prix,2,SAR,sargeant,Williams,18.0,78.557,,,
2023,Australian Grand Prix,77,BOT,bottas,Alfa Romeo,19.0,78.714,,,
2023,Australian Grand Prix,11,PER,perez,Red Bull Racing,20.0,,,,
2023,Azerbaijan Grand Prix,16,LEC,leclerc,Ferrari,1.0,101.269,101.037,100.203,
2023,Azerbaijan Grand Prix,1,VER,max_verstappen,Red Bull Racing,2.0,101.398,100.822,100.391,
2023,Azerbaijan Grand Prix,11,PER,perez,Red Bull Racing,3.0,101.756,101.131,100.495,
2023,Azerbaijan Grand Prix,55,SAI,sainz,Ferrari,4.0,102.197,101.369,101.016,
2023,Azerbaijan Grand Prix,44,HAM,hamilton,Mercedes,5.0,102.113,101.65,101.177,
2023,Azerbaijan Grand Prix,14,ALO,alonso,Aston Martin,6.0,101.72,101.37,101.253,
2023,Azerbaijan Grand Prix,4,NOR,norris,McLaren,7.0,102.154,101.485,101.281,
2023,Azerbaijan Grand Prix,22,TSU,tsunoda,AlphaTauri,8.0,102.234,101.569,101.581,
2023,Azerbaijan Grand Prix,18,STR,stroll,Aston Martin,9.0,102.524,101.576,101.611,
2023,Azerbaijan Grand Prix,81,PIA,piastri,McLaren,10.0,102.455,101.636,101.611,
2023,Azerbaijan Grand Prix,63,RUS,russell,Mercedes,11.0,102.073,101.654,,
2023,Azerbaijan Grand Prix,31,OCO,ocon,Alpine,12.0,102.622,101.798,,
2023,Azerbaijan Grand Prix,23,ALB,albon,Williams,13.0,102.171,101.818,,
2023,Azerbaijan Grand Prix,77,BOT,bottas,Alfa Romeo,14.0,102.582,102.259,,
2023,Azerbaijan Grand Prix,2,SAR,sargeant,Williams,15.0,102.242,102.395,,
2023,Azerbaijan Grand Prix,24,ZHO,zhou,Alfa Romeo,16.0,102.642,,,
2023,Azerbaijan Grand Prix,27,HUL,hulkenberg,Haas F1 Team,17.0,102.755,,,
2023,Azerbaijan Grand Prix,20,MAG,kevin_magnussen,Haas F1 Team,18.0,103.417,,,
2023,Azerbaijan Grand Prix,10,GAS,gasly,Alpine,19.0,104.853,,,
2023,Azerbaijan Grand Prix,21,DEV,de_vries,AlphaTauri,20.0,115.282,,,
2023,Miami Grand Prix,11,PER,perez,Red Bull Racing,1.0,87.713,87.328,86.841,
2023,Miami Grand Prix,14,ALO,alonso,Aston Martin,2.0,88.179,87.097,87.202,
2023,Miami Grand Prix,55,SAI,sainz,Ferrari,3.0,87.686,87.148,87.349,
2023,Miami Grand Prix,20,MAG,kevin_magnussen,Haas F1 Team,4.0,87.809,87.673,87.767,
2023,Miami Grand Prix,10,GAS,gasly,Alpine,5.0,88.061,87.612,87.786,
2023,Miami Grand Prix,63,RUS,russell,Mercedes,6.0,88.086,87.743,87.804,
2023,Miami Grand Prix,16,LEC,leclerc,Ferrari,7.0,87.713,86.964,87.861,
2023,Miami Grand Prix,31,OCO,ocon,Alpine,8.0,87.872,87.444,87.935,
2023,Miami Grand Prix,1,VER,max_verstappen,Red Bull Racing,9.0,87.363,86.814,,
2023,Miami Grand Prix,77,BOT,bottas,Alfa Romeo,10.0,87.864,87.564,,
2023,Miami Grand Prix,23,ALB,albon,Williams,11.0,88.234,87.795,,
2023,Miami Grand Prix,27,HUL,hulkenberg,Haas F1 Team,12.0,87.945,87.903,,
2023,Miami Grand Prix,44,HAM,hamilton,Mercedes,13.0,87.846,87.975,,
2023,Miami Grand Prix,24,ZHO,zhou,Alfa Romeo,14.0,88.18,88.091,,
2023,Miami Grand Prix,21,DEV,de_vries,AlphaTauri,15.0,88.325,88.395,,
2023,Miami Grand Prix,4,NOR,norris,McLaren,16.0,88.394,,,
2023,Miami Grand Prix,22,TSU,tsunoda,AlphaTauri,17.0,88.429,,,
2023,Miami Grand Prix,18,STR,stroll,Aston Martin,18.0,88.476,,,
2023,Miami Grand Prix,81,PIA,piastri,McLaren,19.0,88.484,,,
2023,Miami Grand Prix,2,SAR,sargeant,Williams,20.0,88.577,,,
2023,Monaco Grand Prix,1,VER,max_verstappen,Red Bull Racing,1.0,72.386,71.908,71.365,
2023,Monaco Grand Prix,14,ALO,alonso,Aston Martin,2.0,72.886,72.107,71.449,
2023,Monaco Grand Prix,16,LEC,leclerc,Ferrari,3.0,72.912,72.103,71.471,
2023,Monaco Grand Prix,31,OCO,ocon,Alpine,4.0,72.967,72.248,71.553,
2023,Monaco Grand Prix,55,SAI,sainz,Ferrari,5.0,72.717,72.21,71.63,
2023,Monaco Grand Prix,44,HAM,hamilton,Mercedes,6.0,72.872,72.156,71.725,
2023,Monaco Grand Prix,10,GAS,gasly,Alpine,7.0,73.033,72.169,71.933,
2023,Monaco Grand Prix,63,RUS,russell,Mercedes,8.0,72.769,72.151,71.964,
2023,Monaco Grand Prix,22,TSU,tsunoda,AlphaTauri,9.0,72.642,72.249,72.082,
2023,Monaco Grand Prix,4,NOR,norris,McLaren,10.0,72.877,72.377,72.254,
2023,Monaco Grand Prix,81,PIA,piastri,McLaren,11.0,73.006,72.395,,
2023,Monaco Grand Prix,21,DEV,de_vries,AlphaTauri,12.0,73.054,72.428,,
2023,Monaco Grand Prix,23,ALB,albon,Williams,13.0,72.706,72.527,,
2023,Monaco Grand Prix,18,STR,stroll,Aston Martin,14.0,72.722,72.623,,
2023,Monaco Grand Prix,77,BOT,bottas,Alfa Romeo,15.0,73.038,72.625,,
2023,Monaco Grand Prix,2,SAR,sargeant,Williams,16.0,73.113,,,
2023,Monaco Grand Prix,20,MAG,kevin_magnussen,Haas F1 Team,17.0,73.27,,,
2023,Monaco Grand Prix,27,HUL,hulkenberg,Haas F1 Team,18.0,73.279,,,
2023,Monaco Grand Prix,24,ZHO,zhou,Alfa Romeo,19.0,73.523,,,
2023,Monaco Grand Prix,11,PER,perez,Red Bull Racing,20.0,73.85,,,
2023,Spanish Grand Prix,1,VER,max_verstappen,Red Bull Racing,1.0,73.615,72.76,72.272,
2023,Spanish Grand Prix,55,SAI,sainz,Ferrari,2.0,73.411,72.79,72.734,
2023,Spanish Grand Prix,4,NOR,norris,McLaren,3.0,73.295,72.776,72.792,
2023,Spanish Grand Prix,10,GAS,gasly,Alpine,4.0,73.471,73.186,72.816,
2023,Spanish Grand Prix,44,HAM,hamilton,Mercedes,5.0,72.937,72.999,72.818,
2023,Spanish Grand Prix,18,STR,stroll,Aston Martin,6.0,73.766,73.082,72.994,
2023,Spanish Grand Prix,31,OCO,ocon,Alpine,7.0,73.433,73.001,73.083,
2023,Spanish Grand Prix,27,HUL,hulkenberg,Haas F1 Team,8.0,73.42,73.283,73.229,
2023,Spanish Grand Prix,14,ALO,alonso,Aston Martin,9.0,73.747,73.098,73.507,
2023,Spanish Grand Prix,81,PIA,piastri,McLaren,10.0,73.691,73.059,73.682,
2023,Spanish Grand Prix,11,PER,perez,Red Bull Racing,11.0,73.874,73.334,,
2023,Spanish Grand Prix,63,RUS,russell,Mercedes,12.0,73.326,73.447,,
2023,Spanish Grand Prix,24,ZHO,zhou,Alfa Romeo,13.0,73.677,73.521,,
2023,Spanish Grand Prix,21,DEV,de_vries,AlphaTauri,14.0,73.581,74.083,,
2023,Spanish Grand Prix,22,TSU,tsunoda,AlphaTauri,15.0,73.862,74.477,,
2023,Spanish Grand Prix,77,BOT,bottas,Alfa Romeo,16.0,73.977,,,
2023,Spanish Grand Prix,20,MAG,kevin_magnussen,Haas F1 Team,17.0,74.042,,,
2023,Spanish Grand Prix,23,ALB,albon,Williams,18.0,74.063,,,
2023,Spanish Grand Prix,16,LEC,leclerc,Ferrari,19.0,74.079,,,
2023,Spanish Grand Prix,2,SAR,sargeant,Williams,20.0,74.699,,,
2023,Canadian Grand Prix,1,VER,max_verstappen,Red Bull Racing,1.0,80.851,79.092,85.858,
2023,Canadian Grand Prix,27,HUL,hulkenberg,Haas F1 Team,2.0,82.73,80.305,87.102,
2023,Canadian Grand Prix,14,ALO,alonso,Aston Martin,3.0,81.481,79.776,87.286,
2023,Canadian Grand Prix,44,HAM,hamilton,Mercedes,4.0,81.554,80.426,87.627,
2023,Canadian Grand Prix,63,RUS,russell,Mercedes,5.0,81.798,80.098,87.893,
2023,Canadian Grand Prix,31,OCO,ocon,Alpine,6.0,82.114,80.406,87.945,
2023,Canadian Grand Prix,4,NOR,norris,McLaren,7.0,81.998,79.347,88.046,
2023,Canadian Grand Prix,55,SAI,sainz,Ferrari,8.0,82.248,79.856,89.294,
2023,Canadian Grand Prix,81,PIA,piastri,McLaren,9.0,82.19,79.659,91.349,
2023,Canadian Grand Prix,23,ALB,albon,Williams,10.0,81.938,78.725,,
2023,Canadian Grand Prix,16,LEC,leclerc,Ferrari,11.0,81.843,80.615,,
2023,Canadian Grand Prix,11,PER,perez,Red Bull Racing,12.0,82.151,80.959,,
2023,Canadian Grand Prix,18,STR,stroll,Aston Martin,13.0,82.677,81.484,,
2023,Canadian Grand Prix,20,MAG,kevin_magnussen,Haas F1 Team,14.0,82.351,81.678,,
2023,Canadian Grand Prix,77,BOT,bottas,Alfa Romeo,15.0,82.332,81.821,,
2023,Canadian Grand Prix,22,TSU,tsunoda,AlphaTauri,16.0,82.746,,,
2023,Canadian Grand Prix,10,GAS,gasly,Alpine,17.0,82.886,,,
2023,Canadian Grand Prix,21,DEV,de_vries,AlphaTauri,18.0,83.137,,,
2023,Canadian Grand Prix,2,SAR,sargeant,Williams,19.0,83.337,,,
2023,Canadian Grand Prix,24,ZHO,zhou,Alfa Romeo,20.0,83.342,,,
2023,Austrian Grand Prix,1,VER,max_verstappen,Red Bull Racing,1.0,65.116,64.951,64.391,
2023,Austrian Grand Prix,16,LEC,leclerc,Ferrari,2.0,65.577,65.087,64.439,
2023,Austrian Grand Prix,55,SAI,sainz,Ferrari,3.0,65.339,64.975,64.581,
2023,Austrian Grand Prix,4,NOR,norris,McLaren,4.0,65.617,65.038,64.658,
2023,Austrian Grand Prix,44,HAM,hamilton,Mercedes,5.0,65.673,65.188,64.819,
2023,Austrian Grand Prix,18,STR,stroll,Aston Martin,6.0,65.71,65.121,64.893,
2023,Austrian Grand Prix,14,ALO,alonso,Aston Martin,7.0,65.655,65.181,64.911,
2023,Austrian Grand Prix,27,HUL,hulkenberg,Haas F1 Team,8.0,65.74,65.362,65.09,
2023,Austrian Grand Prix,10,GAS,gasly,Alpine,9.0,65.515,65.308,65.17,
2023,Austrian Grand Prix,23,ALB,albon,Williams,10.0,65.673,65.387,65.823,
2023,Austrian Grand Prix,63,RUS,russell,Mercedes,11.0,65.686,65.428,,
2023,Austrian Grand Prix,31,OCO,ocon,Alpine,12.0,65.729,65.453,,
2023,Austrian Grand Prix,81,PIA,piastri,McLaren,13.0,65.683,65.605,,
2023,Austrian Grand Prix,77,BOT,bottas,Alfa Romeo,14.0,65.763,65.68,,
2023,Austrian Grand Prix,11,PER,perez,Red Bull Racing,15.0,65.177,126.688,,
2023,Austrian Grand Prix,22,TSU,tsunoda,AlphaTauri,16.0,65.784,,,
2023,Austrian Grand Prix,24,ZHO,zhou,Alfa Romeo,17.0,65.818,,,
2023,Austrian Grand Prix,2,SAR,sargeant,Williams,18.0,65.948,,,
2023,Austrian Grand Prix,20,MAG,kevin_magnussen,Haas F1 Team,19.0,65.971,,,
2023,Austrian Grand Prix,21,DEV,de_vries,AlphaTauri,20.0,65.974,,,
2023,British Grand Prix,1,VER,max_verstappen,Red Bull Racing,1.0,89.428,87.702,86.72,
2023,British Grand Prix,4,NOR,norris,McLaren,2.0,88.917,88.042,86.961,
2023,British Grand Prix,81,PIA,piastri,McLaren,3.0,89.874,87.845,87.092,
2023,British Grand Prix,16,LEC,leclerc,Ferrari,4.0,89.143,88.361,87.136,
2023,British Grand Prix,55,SAI,sainz,Ferrari,5.0,89.865,88.265,87.148,
2023,British Grand Prix,63,RUS,russell,Mercedes,6.0,89.412,88.782,87.155,
2023,British Grand Prix,44,HAM,hamilton,Mercedes,7.0,89.415,88.545,87.211,
2023,British Grand Prix,23,ALB,albon,Williams,8.0,89.466,88.067,87.53,
2023,British Grand Prix,14,ALO,alonso,Aston Martin,9.0,89.949,88.368,87.659,
2023,British Grand Prix,10,GAS,gasly,Alpine,10.0,89.533,88.751,87.689,
2023,British Grand Prix,27,HUL,hulkenberg,Haas F1 Team,11.0,89.603,88.896,,
2023,British Grand Prix,18,STR,stroll,Aston Martin,12.0,89.448,88.935,,
2023,British Grand Prix,31,OCO,ocon,Alpine,13.0,89.7,88.956,,
2023,British Grand Prix,2,SAR,sargeant,Williams,14.0,89.873,89.031,,
2023,British Grand Prix,77,BOT,bottas,Alfa Romeo,15.0,89.798,,,
2023,British Grand Prix,11,PER,perez,Red Bull Racing,15.0,89.968,,,
2023,British Grand Prix,22,TSU,tsunoda,AlphaTauri,16.0,90.025,,,
2023,British Grand Prix,24,ZHO,zhou,Alfa Romeo,17.0,90.123,,,
2023,British Grand Prix,21,DEV,de_vries,AlphaTauri,18.0,90.513,,,
2023,British Grand Prix,20,MAG,kevin_magnussen,Haas F1 Team,19.0,92.378,,,
2023,Hungarian Grand Prix,44,HAM,hamilton,Mercedes,1.0,78.577,77.427,76.609,
2023,Hungarian Grand Prix,1,VER,max_verstappen,Red Bull Racing,2.0,78.318,77.547,76.612,
2023,Hungarian Grand Prix,4,NOR,norris,McLaren,3.0,78.697,77.328,76.694,
2023,Hungarian Grand Prix,81,PIA,piastri,McLaren,4.0,78.464,77.571,76.905,
2023,Hungarian Grand Prix,24,ZHO,zhou,Alfa Romeo,5.0,78.143,77.7,76.971,
2023,Hungarian Grand Prix,16,LEC,leclerc,Ferrari,6.0,78.44,77.58,76.992,
2023,Hungarian Grand Prix,77,BOT,bottas,Alfa Romeo,7.0,78.775,77.563,77.034,
2023,Hungarian Grand Prix,14,ALO,alonso,Aston Martin,8.0,78.58,77.701,77.035,
2023,Hungarian Grand Prix,11,PER,perez,Red Bull Racing,9.0,78.36,77.675,77.045,
2023,Hungarian Grand Prix,27,HUL,hulkenberg,Haas F1 Team,10.0,78.695,77.652,77.186,
2023,Hungarian Grand Prix,55,SAI,sainz,Ferrari,11.0,78.393,77.703,,
2023,Hungarian Grand Prix,31,OCO,ocon,Alpine,12.0,78.854,77.841,,
2023,Hungarian Grand Prix,3,RIC,ricciardo,AlphaTauri,13.0,78.906,78.002,,
2023,Hungarian Grand Prix,18,STR,stroll,Aston Martin,14.0,78.782,78.144,,
2023,Hungarian Grand Prix,10,GAS,gasly,Alpine,15.0,78.743,78.217,,
2023,Hungarian Grand Prix,23,ALB,albon,Williams,16.0,78.917,,,
2023,Hungarian Grand Prix,22,TSU,tsunoda,AlphaTauri,17.0,78.919,,,
2023,Hungarian Grand Prix,63,RUS,russell,Mercedes,18.0,79.027,,,
2023,Hungarian Grand Prix,20,MAG,kevin_magnussen,Haas F1 Team,19.0,79.206,,,
2023,Hungarian Grand Prix,2,SAR,sargeant,Williams,20.0,79.248,,,
2023,Belgian Grand Prix,1,VER,max_verstappen,Red Bull Racing,1.0,118.515,112.784,106.168,
2023,Belgian Grand Prix,16,LEC,leclerc,Ferrari,2.0,118.3,112.017,106.988,
2023,Belgian Grand Prix,11,PER,perez,Red Bull Racing,3.0,118.899,112.353,107.045,
2023,Belgian Grand Prix,44,HAM,hamilton,Mercedes,4.0,118.563,112.345,107.087,
2023,Belgian Grand Prix,55,SAI,sainz,Ferrari,5.0,118.688,111.711,107.152,
2023,Belgian Grand Prix,81,PIA,piastri,McLaren,6.0,118.872,111.534,107.365,
2023,Belgian Grand Prix,4,NOR,norris,McLaren,7.0,119.981,112.252,107.669,
2023,Belgian Grand Prix,63,RUS,russell,Mercedes,8.0,119.035,112.605,107.805,
2023,Belgian Grand Prix,14,ALO,alonso,Aston Martin,9.0,118.834,112.751,107.843,
2023,Belgian Grand Prix,18,STR,stroll,Aston Martin,10.0,119.663,112.193,108.841,
2023,Belgian Grand Prix,22,TSU,tsunoda,AlphaTauri,11.0,119.044,113.148,,
2023,Belgian Grand Prix,10,GAS,gasly,Alpine,12.0,119.511,113.671,,
2023,Belgian Grand Prix,20,MAG,kevin_magnussen,Haas F1 Team,13.0,120.02,114.16,,
2023,Belgian Grand Prix,77,BOT,bottas,Alfa Romeo,14.0,119.484,114.694,,
2023,Belgian Grand Prix,31,OCO,ocon,Alpine,15.0,119.634,116.372,,
2023,Belgian Grand Prix,23,ALB,albon,Williams,16.0,120.314,,,
2023,Belgian Grand Prix,24,ZHO,zhou,Alfa Romeo,17.0,120.832,,,
2023,Belgian Grand Prix,2,SAR,sargeant,Williams,18.0,121.535,,,
2023,Belgian Grand Prix,3,RIC,ricciardo,AlphaTauri,19.0,122.159,,,
2023,Belgian Grand Prix,27,HUL,hulkenberg,Haas F1 Team,20.0,123.166,,,
2023,Dutch Grand Prix,1,VER,max_verstappen,Red Bull Racing,1.0,80.965,78.856,70.567,
2023,Dutch Grand Prix,4,NOR,norris,McLaren,2.0,81.276,79.769,71.104,
2023,Dutch Grand Prix,63,RUS,russell,Mercedes,3.0,81.345,79.62,71.294,
2023,Dutch Grand Prix,23,ALB,albon,Williams,4.0,80.939,79.399,71.419,
2023,Dutch Grand Prix,14,ALO,alonso,Aston Martin,5.0,81.84,79.429,71.506,
2023,Dutch Grand Prix,55,SAI,sainz,Ferrari,6.0,81.321,79.929,71.754,
2023,Dutch Grand Prix,11,PER,perez,Red Bull Racing,7.0,81.972,79.856,71.88,
2023,Dutch Grand Prix,81,PIA,piastri,McLaren,8.0,81.231,79.392,71.938,
2023,Dutch Grand Prix,16,LEC,leclerc,Ferrari,9.0,82.019,79.6,72.665,
2023,Dutch Grand Prix,2,SAR,sargeant,Williams,10.0,82.036,80.067,76.748,
2023,Dutch Grand Prix,18,STR,stroll,Aston Martin,11.0,81.57,80.121,,
2023,Dutch Grand Prix,10,GAS,gasly,Alpine,12.0,81.735,80.128,,
2023,Dutch Grand Prix,44,HAM,hamilton,Mercedes,13.0,81.919,80.151,,
2023,Dutch Grand Prix,22,TSU,tsunoda,AlphaTauri,14.0,81.781,80.23,,
2023,Dutch Grand Prix,27,HUL,hulkenberg,Haas F1 Team,15.0,81.891,80.25,,
2023,Dutch Grand Prix,24,ZHO,zhou,Alfa Romeo,16.0,82.067,,,
2023,Dutch Grand Prix,31,OCO,ocon,Alpine,17.0,82.11,,,
2023,Dutch Grand Prix,20,MAG,kevin_magnussen,Haas F1 Team,18.0,82.192,,,
2023,Dutch Grand Prix,77,BOT,bottas,Alfa Romeo,19.0,82.26,,,
2023,Dutch Grand Prix,40,LAW,lawson,AlphaTauri,20.0,83.42,,,
2023,Italian Grand Prix,55,SAI,sainz,Ferrari,1.0,81.965,80.991,80.294,
2023,Italian Grand Prix,1,VER,max_verstappen,Red Bull Racing,2.0,81.573,80.937,80.307,
2023,Italian Grand Prix,16,LEC,leclerc,Ferrari,3.0,81.788,80.977,80.361,
2023,Italian Grand Prix,63,RUS,russell,Mercedes,4.0,82.148,81.382,80.671,
2023,Italian Grand Prix,11,PER,perez,Red Bull Racing,5.0,81.911,81.24,80.688,
2023,Italian Grand Prix,23,ALB,albon,Williams,6.0,81.661,81.272,80.76,
2023,Italian Grand Prix,81,PIA,piastri,McLaren,7.0,82.106,81.527,80.785,
2023,Italian Grand Prix,44,HAM,hamilton,Mercedes,8.0,81.977,81.369,80.82,
2023,Italian Grand Prix,4,NOR,norris,McLaren,9.0,81.995,81.581,80.979,
2023,Italian Grand Prix,14,ALO,alonso,Aston Martin,10.0,82.043,81.543,81.417,
2023,Italian Grand Prix,22,TSU,tsunoda,AlphaTauri,11.0,81.852,81.594,,
2023,Italian Grand Prix,40,LAW,lawson,AlphaTauri,12.0,82.112,81.758,,
2023,Italian Grand Prix,27,HUL,hulkenberg,Haas F1 Team,13.0,82.343,81.776,,
2023,Italian Grand Prix,77,BOT,bottas,Alfa Romeo,14.0,82.249,81.94,,
2023,Italian Grand Prix,2,SAR,sargeant,Williams,15.0,81.93,81.944,,
2023,Italian Grand Prix,24,ZHO,zhou,Alfa Romeo,16.0,82.39,,,
2023,Italian Grand Prix,10,GAS,gasly,Alpine,17.0,82.545,,,
2023,Italian Grand Prix,31,OCO,ocon,Alpine,18.0,82.548,,,
2023,Italian Grand Prix,20,MAG,kevin_magnussen,Haas F1 Team,19.0,82.592,,,
2023,Italian Grand Prix,18,STR,stroll,Aston Martin,20.0,82.86,,,
2023,Singapore Grand Prix,55,SAI,sainz,Ferrari,1.0,92.339,91.439,90.984,
2023,Singapore Grand Prix,63,RUS,russell,Mercedes,2.0,92.331,91.743,91.056,
2023,Singapore Grand Prix,16,LEC,leclerc,Ferrari,3.0,92.406,92.012,91.063,
2023,Singapore Grand Prix,4,NOR,norris,McLaren,4.0,92.483,91.951,91.27,
2023,Singapore Grand Prix,44,HAM,hamilton,Mercedes,5.0,92.651,92.019,91.485,
2023,Singapore Grand Prix,20,MAG,kevin_magnussen,Haas F1 Team,6.0,92.242,91.892,91.575,
2023,Singapore Grand Prix,14,ALO,alonso,Aston Martin,7.0,92.584,91.835,91.615,
2023,Singapore Grand Prix,31,OCO,ocon,Alpine,8.0,92.369,92.089,91.673,
2023,Singapore Grand Prix,27,HUL,hulkenberg,Haas F1 Team,9.0,92.1,91.994,91.808,
2023,Singapore Grand Prix,40,LAW,lawson,AlphaTauri,10.0,92.215,92.166,92.268,
2023,Singapore Grand Prix,1,VER,max_verstappen,Red Bull Racing,11.0,92.398,92.173,,
2023,Singapore Grand Prix,10,GAS,gasly,Alpine,12.0,92.452,92.274,,
2023,Singapore Grand Prix,11,PER,perez,Red Bull Racing,13.0,92.099,92.31,,
2023,Singapore Grand Prix,23,ALB,albon,Williams,14.0,92.668,93.719,,
2023,Singapore Grand Prix,22,TSU,tsunoda,AlphaTauri,15.0,91.991,,,
2023,Singapore Grand Prix,77,BOT,bottas,Alfa Romeo,16.0,92.809,,,
2023,Singapore Grand Prix,81,PIA,piastri,McLaren,17.0,92.902,,,
2023,Singapore Grand Prix,2,SAR,sargeant,Williams,18.0,93.252,,,
2023,Singapore Grand Prix,24,ZHO,zhou,Alfa Romeo,19.0,93.258,,,
2023,Singapore Grand Prix,18,STR,stroll,Aston Martin,20.0,93.397,,,
2023,Japanese Grand Prix,1,VER,max_verstappen,Red Bull Racing,1.0,89.878,89.964,88.877,
2023,Japanese Grand Prix,81,PIA,piastri,McLaren,2.0,90.439,90.122,89.458,
2023,Japanese Grand Prix,4,NOR,norris,McLaren,3.0,90.063,90.296,89.493,
2023,Japanese Grand Prix,16,LEC,leclerc,Ferrari,4.0,90.393,89.94,89.542,
2023,Japanese Grand Prix,11,PER,perez,Red Bull Racing,5.0,90.652,89.965,89.65,
2023,Japanese Grand Prix,55,SAI,sainz,Ferrari,6.0,90.651,90.067,89.85,
2023,Japanese Grand Prix,44,HAM,hamilton,Mercedes,7.0,90.811,90.04,89.908,
2023,Japanese Grand Prix,63,RUS,russell,Mercedes,8.0,90.811,90.268,90.219,
2023,Japanese Grand Prix,22,TSU,tsunoda,AlphaTauri,9.0,90.733,90.204,90.303,
2023,Japanese Grand Prix,14,ALO,alonso,Aston Martin,10.0,90.971,90.465,90.56,
2023,Japanese Grand Prix,40,LAW,lawson,AlphaTauri,11.0,90.425,90.508,,
2023,Japanese Grand Prix,10,GAS,gasly,Alpine,12.0,90.843,90.509,,
2023,Japanese Grand Prix,23,ALB,albon,Williams,13.0,90.941,90.537,,
2023,Japanese Grand Prix,31,OCO,ocon,Alpine,14.0,90.96,90.586,,
2023,Japanese Grand Prix,20,MAG,kevin_magnussen,Haas F1 Team,15.0,90.976,90.665,,
2023,Japanese Grand Prix,77,BOT,bottas,Alfa Romeo,16.0,91.049,,,
2023,Japanese Grand Prix,18,STR,stroll,Aston Martin,17.0,91.181,,,
2023,Japanese Grand Prix,27,HUL,hulkenberg,Haas F1 Team,18.0,91.299,,,
2023,Japanese Grand Prix,24,ZHO,zhou,Alfa Romeo,19.0,91.398,,,
2023,Japanese Grand Prix,2,SAR,sargeant,Williams,20.0,,,,
2023,Qatar Grand Prix,1,VER,max_verstappen,Red Bull Racing,1.0,85.007,84.483,83.778,
2023,Qatar Grand Prix,63,RUS,russell,Mercedes,2.0,85.334,84.827,84.219,
2023,Qatar Grand Prix,44,HAM,hamilton,Mercedes,3.0,86.076,84.381,84.305,
2023,Qatar Grand Prix,14,ALO,alonso,Aston Martin,4.0,85.223,85.241,84.369,
2023,Qatar Grand Prix,16,LEC,leclerc,Ferrari,5.0,85.452,85.079,84.424,
2023,Qatar Grand Prix,81,PIA,piastri,McLaren,6.0,85.266,84.724,84.54,
2023,Qatar Grand Prix,10,GAS,gasly,Alpine,7.0,85.566,84.918,84.553,
2023,Qatar Grand Prix,31,OCO,ocon,Alpine,8.0,85.711,84.928,84.763,
2023,Qatar Grand Prix,77,BOT,bottas,Alfa Romeo,9.0,86.038,85.297,85.058,
2023,Qatar Grand Prix,4,NOR,norris,McLaren,10.0,85.131,84.685,,
2023,Qatar Grand Prix,22,TSU,tsunoda,AlphaTauri,11.0,86.058,85.301,,
2023,Qatar Grand Prix,55,SAI,sainz,Ferrari,12.0,85.808,85.328,,
2023,Qatar Grand Prix,11,PER,perez,Red Bull Racing,13.0,85.991,85.462,,
2023,Qatar Grand Prix,23,ALB,albon,Williams,14.0,86.118,85.707,,
2023,Qatar Grand Prix,27,HUL,hulkenberg,Haas F1 Team,15.0,85.904,85.783,,
2023,Qatar Grand Prix,2,SAR,sargeant,Williams,16.0,86.21,,,
2023,Qatar Grand Prix,18,STR,stroll,Aston Martin,17.0,86.345,,,
2023,Qatar Grand Prix,40,LAW,lawson,AlphaTauri,18.0,86.635,,,
2023,Qatar Grand Prix,20,MAG,kevin_magnussen,Haas F1 Team,19.0,87.046,,,
2023,Qatar Grand Prix,24,ZHO,zhou,Alfa Romeo,20.0,87.432,,,
2023,United States Grand Prix,16,LEC,leclerc,Ferrari,1.0,96.061,95.004,94.723,
2023,United States Grand Prix,4,NOR,norris,McLaren,2.0,95.11,95.441,94.853,
2023,United States Grand Prix,44,HAM,hamilton,Mercedes,3.0,95.091,95.24,94.862,
2023,United States Grand Prix,55,SAI,sainz,Ferrari,4.0,95.824,95.302,94.945,
2023,United States Grand Prix,63,RUS,russell,Mercedes,5.0,96.165,95.606,95.079,
2023,United States Grand Prix,1,VER,max_verstappen,Red Bull Racing,6.0,95.346,95.008,95.081,
2023,United States Grand Prix,10,GAS,gasly,Alpine,7.0,96.158,95.496,95.089,
2023,United States Grand Prix,31,OCO,ocon,Alpine,8.0,96.131,95.413,95.154,
2023,United States Grand Prix,11,PER,perez,Red Bull Racing,9.0,95.989,95.679,95.173,
2023,United States Grand Prix,81,PIA,piastri,McLaren,10.0,96.064,95.576,95.467,
2023,United States Grand Prix,22,TSU,tsunoda,AlphaTauri,11.0,95.913,95.697,,
2023,United States Grand Prix,24,ZHO,zhou,Alfa Romeo,12.0,96.052,95.698,,
2023,United States Grand Prix,77,BOT,bottas,Alfa Romeo,13.0,96.082,95.858,,
2023,United States Grand Prix,20,MAG,kevin_magnussen,Haas F1 Team,14.0,96.009,95.88,,
2023,United States Grand Prix,3,RIC,ricciardo,AlphaTauri,15.0,96.213,95.974,,
2023,United States Grand Prix,27,HUL,hulkenberg,Haas F1 Team,16.0,96.235,,,
2023,United States Grand Prix,14,ALO,alonso,Aston Martin,17.0,96.268,,,
2023,United States Grand Prix,23,ALB,albon,Williams,18.0,96.315,,,
2023,United States Grand Prix,18,STR,stroll,Aston Martin,19.0,96.589,,,
2023,United States Grand Prix,2,SAR,sargeant,Williams,20.0,96.827,,,
2023,Mexico City Grand Prix,16,LEC,leclerc,Ferrari,1.0,78.401,77.901,77.166,
2023,Mexico City Grand Prix,55,SAI,sainz,Ferrari,2.0,78.755,78.382,77.233,
2023,Mexico City Grand Prix,1,VER,max_verstappen,Red Bull Racing,3.0,78.099,77.625,77.263,
2023,Mexico City Grand Prix,3,RIC,ricciardo,AlphaTauri,4.0,78.341,77.706,77.382,
2023,Mexico City Grand Prix,11,PER,perez,Red Bull Racing,5.0,78.553,78.124,77.423,
2023,Mexico City Grand Prix,44,HAM,hamilton,Mercedes,6.0,78.677,77.571,77.454,
2023,Mexico City Grand Prix,81,PIA,piastri,McLaren,7.0,78.241,77.874,77.623,
2023,Mexico City Grand Prix,63,RUS,russell,Mercedes,8.0,78.893,77.673,77.674,
2023,Mexico City Grand Prix,77,BOT,bottas,Alfa Romeo,9.0,78.429,78.016,78.032,
2023,Mexico City Grand Prix,24,ZHO,zhou,Alfa Romeo,10.0,79.016,78.44,78.05,
2023,Mexico City Grand Prix,10,GAS,gasly,Alpine,11.0,78.945,78.521,,
2023,Mexico City Grand Prix,27,HUL,hulkenberg,Haas F1 Team,12.0,78.969,78.524,,
2023,Mexico City Grand Prix,14,ALO,alonso,Aston Martin,13.0,78.848,78.738,,
2023,Mexico City Grand Prix,23,ALB,albon,Williams,14.0,78.828,79.147,,
2023,Mexico City Grand Prix,22,TSU,tsunoda,AlphaTauri,15.0,78.89,,,
2023,Mexico City Grand Prix,31,OCO,ocon,Alpine,16.0,79.08,,,
2023,Mexico City Grand Prix,20,MAG,kevin_magnussen,Haas F1 Team,17.0,79.163,,,
2023,Mexico City Grand Prix,18,STR,stroll,Aston Martin,18.0,79.227,,,
2023,Mexico City Grand Prix,4,NOR,norris,McLaren,19.0,81.554,,,
2023,Mexico City Grand Prix,2,SAR,sargeant,Williams,20.0,,,,
2023,São Paulo Grand Prix,1,VER,max_verstappen,Red Bull Racing,1.0,70.436,70.162,70.727,
2023,São Paulo Grand Prix,16,LEC,leclerc,Ferrari,2.0,70.472,70.303,71.021,
2023,São Paulo Grand Prix,18,STR,stroll,Aston Martin,3.0,70.551,70.375,71.344,
2023,São Paulo Grand Prix,14,ALO,alonso,Aston Martin,4.0,70.557,70.237,71.387,
2023,São Paulo Grand Prix,44,HAM,hamilton,Mercedes,5.0,70.604,70.266,71.469,
2023,São Paulo Grand Prix,63,RUS,russell,Mercedes,6.0,70.34,70.316,71.59,
2023,São Paulo Grand Prix,4,NOR,norris,McLaren,7.0,70.623,70.021,71.987,
2023,São Paulo Grand Prix,55,SAI,sainz,Ferrari,8.0,70.624,70.254,71.989,
2023,São Paulo Grand Prix,11,PER,perez,Red Bull Racing,9.0,70.668,70.219,72.321,
2023,São Paulo Grand Prix,81,PIA,piastri,McLaren,10.0,70.519,70.33,,
2023,São Paulo Grand Prix,27,HUL,hulkenberg,Haas F1 Team,11.0,70.475,70.547,,
2023,São Paulo Grand Prix,31,OCO,ocon,Alpine,12.0,70.763,70.562,,
2023,São Paulo Grand Prix,10,GAS,gasly,Alpine,13.0,70.793,70.567,,
2023,São Paulo Grand Prix,20,MAG,kevin_magnussen,Haas F1 Team,14.0,70.602,70.723,,
2023,São Paulo Grand Prix,23,ALB,albon,Williams,15.0,70.621,70.84,,
2023,São Paulo Grand Prix,22,TSU,tsunoda,AlphaTauri,16.0,70.837,,,
2023,São Paulo Grand Prix,3,RIC,ricciardo,AlphaTauri,17.0,70.843,,,
2023,São Paulo Grand Prix,77,BOT,bottas,Alfa Romeo,18.0,70.955,,,
2023,São Paulo Grand Prix,2,SAR,sargeant,Williams,19.0,71.035,,,
2023,São Paulo Grand Prix,24,ZHO,zhou,Alfa Romeo,20.0,71.275,,,
2023,Las Vegas Grand Prix,16,LEC,leclerc,Ferrari,1.0,93.617,92.775,92.726,
2023,Las Vegas Grand Prix,55,SAI,sainz,Ferrari,2.0,93.851,93.338,92.77,
2023,Las Vegas Grand Prix,1,VER,max_verstappen,Red Bull Racing,3.0,94.19,93.572,93.104,
2023,Las Vegas Grand Prix,63,RUS,russell,Mercedes,4.0,94.137,93.351,93.112,
2023,Las Vegas Grand Prix,10,GAS,gasly,Alpine,5.0,94.272,93.494,93.239,
2023,Las Vegas Grand Prix,23,ALB,albon,Williams,6.0,94.634,93.588,93.323,
2023,Las Vegas Grand Prix,2,SAR,sargeant,Williams,7.0,94.525,93.733,93.513,
2023,Las Vegas Grand Prix,77,BOT,bottas,Alfa Romeo,8.0,94.305,93.809,93.525,
2023,Las Vegas Grand Prix,20,MAG,kevin_magnussen,Haas F1 Team,9.0,94.337,93.664,93.537,
2023,Las Vegas Grand Prix,14,ALO,alonso,Aston Martin,10.0,94.422,93.617,93.555,
2023,Las Vegas Grand Prix,44,HAM,hamilton,Mercedes,11.0,94.307,93.837,,
2023,Las Vegas Grand Prix,11,PER,perez,Red Bull Racing,12.0,94.574,93.855,,
2023,Las Vegas Grand Prix,27,HUL,hulkenberg,Haas F1 Team,13.0,94.265,93.979,,
2023,Las Vegas Grand Prix,18,STR,stroll,Aston Martin,14.0,94.504,94.199,,
2023,Las Vegas Grand Prix,3,RIC,ricciardo,AlphaTauri,15.0,94.683,94.308,,
2023,Las Vegas Grand Prix,4,NOR,norris,McLaren,16.0,94.703,,,
2023,Las Vegas Grand Prix,31,OCO,ocon,Alpine,17.0,94.834,,,
2023,Las Vegas Grand Prix,24,ZHO,zhou,Alfa Romeo,18.0,94.849,,,
2023,Las Vegas Grand Prix,81,PIA,piastri,McLaren,19.0,94.85,,,
2023,Las Vegas Grand Prix,22,TSU,tsunoda,AlphaTauri,20.0,96.447,,,
2023,Abu Dhabi Grand Prix,1,VER,max_verstappen,Red Bull Racing,1.0,84.16,83.74,83.445,
2023,Abu Dhabi Grand Prix,16,LEC,leclerc,Ferrari,2.0,84.459,83.969,83.584,
2023,Abu Dhabi Grand Prix,81,PIA,piastri,McLaren,3.0,84.487,84.278,83.782,
2023,Abu Dhabi Grand Prix,63,RUS,russell,Mercedes,4.0,84.337,84.013,83.788,
2023,Abu Dhabi Grand Prix,4,NOR,norris,McLaren,5.0,84.368,83.92,83.816,
2023,Abu Dhabi Grand Prix,22,TSU,tsunoda,AlphaTauri,6.0,84.286,84.207,83.968,
2023,Abu Dhabi Grand Prix,14,ALO,alonso,Aston Martin,7.0,84.501,84.131,84.084,
2023,Abu Dhabi Grand Prix,27,HUL,hulkenberg,Haas F1 Team,8.0,84.425,84.213,84.108,
2023,Abu Dhabi Grand Prix,11,PER,perez,Red Bull Racing,9.0,84.209,84.116,84.171,
2023,Abu Dhabi Grand Prix,10,GAS,gasly,Alpine,10.0,84.6,84.078,84.548,
2023,Abu Dhabi Grand Prix,44,HAM,hamilton,Mercedes,11.0,84.437,84.359,,
2023,Abu Dhabi Grand Prix,31,OCO,ocon,Alpine,12.0,84.565,84.391,,
2023,Abu Dhabi Grand Prix,18,STR,stroll,Aston Martin,13.0,84.405,84.422,,
2023,Abu Dhabi Grand Prix,23,ALB,albon,Williams,14.0,84.298,84.439,,
2023,Abu Dhabi Grand Prix,3,RIC,ricciardo,AlphaTauri,15.0,84.461,84.442,,
2023,Abu Dhabi Grand Prix,55,SAI,sainz,Ferrari,16.0,84.738,,,
2023,Abu Dhabi Grand Prix,20,MAG,kevin_magnussen,Haas F1 Team,17.0,84.764,,,
2023,Abu Dhabi Grand Prix,77,BOT,bottas,Alfa Romeo,18.0,84.788,,,
2023,Abu Dhabi Grand Prix,24,ZHO,zhou,Alfa Romeo,19.0,85.159,,,
2023,Abu Dhabi Grand Prix,2,SAR,sargeant,Williams,20.0,,,,
