event_id,DriverNumber,BroadcastName,Abbreviation,DriverId,TeamName,TeamColor,TeamId,FirstName,LastName,FullName,HeadshotUrl,CountryCode,Position,ClassifiedPosition,GridPosition,Q1,Q2,Q3,Time,Status,Points,Laps
2021-02,44,L HAMILTON,HAM,hamilton,Mercedes,00D2BE,mercedes,Lewis,Hamilton,Lewis Hamilton,https://www.formula1.com/content/dam/fom-website/drivers/L/LEWHAM01_Lewis_Hamilton/lewham01.png.transform/1col/image.png,,1.0,,,0 days 00:01:14.823000,0 days 00:01:14.817000,0 days 00:01:14.411000,,,,
2021-02,11,S PEREZ,PER,perez,Red Bull Racing,0600EF,red_bull,Sergio,Perez,Sergio Perez,https://www.formula1.com/content/dam/fom-website/drivers/S/SERPER01_Sergio_Perez/serper01.png.transform/1col/image.png,,2.0,,,0 days 00:01:15.395000,0 days 00:01:14.716000,0 days 00:01:14.446000,,,,
2021-02,33,M VERSTAPPEN,VER,max_verstappen,Red Bull Racing,0600EF,red_bull,Max,Verstappen,Max Verstappen,https://www.formula1.com/content/dam/fom-website/drivers/M/MAXVER01_Max_Verstappen/maxver01.png.transform/1col/image.png,,3.0,,,0 days 00:01:15.109000,0 days 00:01:14.884000,0 days 00:01:14.498000,,,,
2021-02,16,C LECLERC,LEC,leclerc,Ferrari,DC0004,ferrari,Charles,Leclerc,Charles Leclerc,https://www.formula1.com/content/dam/fom-website/drivers/C/CHALEC01_Charles_Leclerc/chalec01.png.transform/1col/image.png,,4.0,,,0 days 00:01:15.413000,0 days 00:01:14.808000,0 days 00:01:14.740000,,,,
2021-02,10,P GASLY,GAS,gasly,AlphaTauri,2B4562,alphatauri,Pierre,Gasly,Pierre Gasly,https://www.formula1.com/content/dam/fom-website/drivers/P/PIEGAS01_Pierre_Gasly/piegas01.png.transform/1col/image.png,,5.0,,,0 days 00:01:15.548000,0 days 00:01:14.927000,0 days 00:01:14.790000,,,,
2021-02,3,D RICCIARDO,RIC,ricciardo,McLaren,FF9800,mclaren,Daniel,Ricciardo,Daniel Ricciardo,https://www.formula1.com/content/dam/fom-website/drivers/D/DANRIC01_Daniel_Ricciardo/danric01.png.transform/1col/image.png,,6.0,,,0 days 00:01:15.669000,0 days 00:01:15.033000,0 days 00:01:14.826000,,,,
2021-02,4,L NORRIS,NOR,norris,McLaren,FF9800,mclaren,Lando,Norris,Lando Norris,https://www.formula1.com/content/dam/fom-website/drivers/L/LANNOR01_Lando_Norris/lannor01.png.transform/1col/image.png,,7.0,,,0 days 00:01:15.009000,0 days 00:01:14.718000,0 days 00:01:14.875000,,,,
2021-02,77,V BOTTAS,BOT,bottas,Mercedes,00D2BE,mercedes,Valtteri,Bottas,Valtteri Bottas,https://www.formula1.com/content/dam/fom-website/drivers/V/VALBOT01_Valtteri_Bottas/valbot01.png.transform/1col/image.png,,8.0,,,0 days 00:01:14.672000,0 days 00:01:14.905000,0 days 00:01:14.898000,,,,
2021-02,31,E OCON,OCO,ocon,Alpine,0090FF,alpine,Esteban,Ocon,Esteban Ocon,https://www.formula1.com/content/dam/fom-website/drivers/E/ESTOCO01_Esteban_Ocon/estoco01.png.transform/1col/image.png,,9.0,,,0 days 00:01:15.385000,0 days 00:01:15.117000,0 days 00:01:15.210000,,,,
2021-02,18,L STROLL,STR,stroll,Aston Martin,006F62,aston_martin,Lance,Stroll,Lance Stroll,https://www.formula1.com/content/dam/fom-website/drivers/L/LANSTR01_Lance_Stroll/lanstr01.png.transform/1col/image.png,,10.0,,,0 days 00:01:15.522000,0 days 00:01:15.138000,,,,,
2021-02,55,C SAINZ,SAI,sainz,Ferrari,DC0004,ferrari,Carlos,Sainz,Carlos Sainz,https://www.formula1.com/content/dam/fom-website/drivers/C/CARSAI01_Carlos_Sainz/carsai01.png.transform/1col/image.png,,11.0,,,0 days 00:01:15.406000,0 days 00:01:15.199000,,,,,
2021-02,63,G RUSSELL,RUS,russell,Williams,005AFF,williams,George,Russell,George Russell,https://www.formula1.com/content/dam/fom-website/drivers/G/GEORUS01_George_Russell/georus01.png.transform/1col/image.png,,12.0,,,0 days 00:01:15.826000,0 days 00:01:15.261000,,,,,
2021-02,5,S VETTEL,VET,vettel,Aston Martin,006F62,aston_martin,Sebastian,Vettel,Sebastian Vettel,https://www.formula1.com/content/dam/fom-website/drivers/S/SEBVET01_Sebastian_Vettel/sebvet01.png.transform/1col/image.png,,13.0,,,0 days 00:01:15.459000,0 days 00:01:15.394000,,,,,
2021-02,6,N LATIFI,LAT,latifi,Williams,005AFF,williams,Nicholas,Latifi,Nicholas Latifi,https://www.formula1.com/content/dam/fom-website/drivers/N/NICLAF01_Nicholas_Latifi/niclaf01.png.transform/1col/image.png,,14.0,,,0 days 00:01:15.653000,0 days 00:01:15.593000,,,,,
2021-02,14,F ALONSO,ALO,alonso,Alpine,0090FF,alpine,Fernando,Alonso,Fernando Alonso,https://www.formula1.com/content/dam/fom-website/drivers/F/FERALO01_Fernando_Alonso/feralo01.png.transform/1col/image.png,,15.0,,,0 days 00:01:15.832000,0 days 00:01:15.593000,,,,,
2021-02,7,K RAIKKONEN,RAI,raikkonen,Alfa Romeo Racing,900000,alfa,Kimi,Räikkönen,Kimi Räikkönen,https://www.formula1.com/content/dam/fom-website/drivers/K/KIMRAI01_Kimi_R%C3%A4ikk%C3%B6nen/kimrai01.png.transform/1col/image.png,,16.0,,,0 days 00:01:15.974000,,,,,,
2021-02,99,A GIOVINAZZI,GIO,giovinazzi,Alfa Romeo Racing,900000,alfa,Antonio,Giovinazzi,Antonio Giovinazzi,https://www.formula1.com/content/dam/fom-website/drivers/A/ANTGIO01_Antonio_Giovinazzi/antgio01.png.transform/1col/image.png,,17.0,,,0 days 00:01:16.122000,,,,,,
2021-02,47,M SCHUMACHER,MSC,mick_schumacher,Haas F1 Team,FFFFFF,haas,Mick,Schumacher,Mick Schumacher,https://www.formula1.com/content/dam/fom-website/drivers/M/MICSCH02_Mick_Schumacher/micsch02.png.transform/1col/image.png,,18.0,,,0 days 00:01:16.279000,,,,,,
2021-02,9,N MAZEPIN,MAZ,mazepin,Haas F1 Team,FFFFFF,haas,Nikita,Mazepin,Nikita Mazepin,https://www.formula1.com/content/dam/fom-website/drivers/N/NIKMAZ01_Nikita_Mazepin/nikmaz01.png.transform/1col/image.png,,19.0,,,0 days 00:01:16.797000,,,,,,
2021-02,22,Y TSUNODA,TSU,tsunoda,AlphaTauri,2B4562,alphatauri,Yuki,Tsunoda,Yuki Tsunoda,https://www.formula1.com/content/dam/fom-website/drivers/Y/YUKTSU01_Yuki_Tsunoda/yuktsu01.png.transform/1col/image.png,,20.0,,,,,,,,,
